tree
version=v4
num_class=1
num_tree_per_iteration=1
label_index=0
max_feature_idx=8
objective=binary sigmoid:1
feature_names=nw_r_p2 nw_r_p3 nw_d_p2 nw_d_p3 nw_r nw_diff towers_dead_R towers_dead_D rax_diff
feature_infos=[130:105050] [89:82024] [90:79535] [89:73104] [719:374687] [-46256:60439] [0:11] [0:11] [-6:6]
tree_sizes=13105 13530 13497 13539 13500 13531 13505 13531 13536 13519 13515 13523 13537 13541 13503 13555 13537 13532 13554 13556 13574 13512

Tree=0
num_leaves=127
num_cat=0
split_feature=8 5 3 5 5 6 3 2 1 1 3 0 8 1 3 6 5 0 5 3 3 5 3 8 2 3 0 0 5 1 2 2 0 5 6 5 0 2 0 3 8 5 6 2 3 3 5 5 2 2 1 3 0 2 5 1 5 0 2 2 2 1 2 0 5 3 5 0 3 0 1 8 5 1 0 5 5 0 8 2 0 3 5 2 8 3 3 0 5 2 2 3 2 2 3 0 1 3 6 2 3 5 5 3 3 0 0 3 0 2 1 2 2 3 3 0 8 1 1 1 3 5 1 3 0 3
split_gain=6770.59 2476.58 2637.03 730.408 643.632 582.926 578.898 670.309 368.502 160.913 134.85 133.1 144.159 501.301 124.202 134.046 103.903 94.5493 92.5704 111.466 80.6171 78.7769 60.3154 50.2112 48.72 46.3288 39.7883 60.289 55.7231 39.7783 39.6651 38.1747 35.2179 34.9592 32.6583 32.1749 32.7442 32.0517 99.8368 31.8455 31.8369 31.3754 26.1631 33.1666 24.8869 46.8559 22.1353 20.8508 20.4023 15.6893 14.0481 13.8808 13.8123 18.9062 25.6689 12.563 11.7135 11.125 9.60421 9.51955 9.14647 8.78888 8.7887 7.88993 7.34924 6.97566 6.81265 6.67797 16.4828 6.48748 8.77607 7.97054 5.83541 5.74824 5.10148 5.06881 4.46447 4.41539 9.05927 4.24231 10.9497 4.21889 4.10912 4.03763 5.42178 3.71228 7.68512 3.65997 3.40168 3.36932 3.25884 3.23206 3.21583 4.3642 3.25319 4.71142 3.45874 3.16472 3.00654 9.84321 7.16798 5.30661 3.49881 7.34542 2.98544 2.96494 2.90477 2.86337 5.0588 4.43336 2.81277 2.69605 2.69117 2.62805 2.58144 3.13587 2.62066 4.67265 4.32367 2.56569 3.9508 2.40791 2.34606 2.31305 2.30523 2.07197
threshold=-1.4999999999999998 2478.0000000000005 51325.000000000007 -1150.4999999999998 10634.500000000002 9.5000000000000018 51325.000000000007 54385.500000000007 22333.500000000004 51858.500000000007 37730.500000000007 27109.000000000004 -3.4999999999999996 44716.500000000007 39750.500000000007 10.500000000000002 -8685.4999999999982 49386.000000000007 -7353.4999999999991 39750.500000000007 45767.500000000007 23.500000000000004 15076.000000000002 -1.0000000180025095e-35 47926.000000000007 32071.500000000004 40242.500000000007 28358.500000000004 -14624.499999999998 35203.000000000007 27177.500000000004 30671.500000000004 31183.000000000004 5092.5000000000009 8.5000000000000018 -2755.4999999999995 12507.500000000002 41575.000000000007 38358.000000000007 22393.500000000004 1.5000000000000002 13643.500000000002 7.5000000000000009 32674.500000000004 37730.500000000007 33076.500000000007 7016.0000000000009 -482.49999999999994 37849.000000000007 36508.000000000007 30961.500000000004 6572.5000000000009 31183.000000000004 5447.5000000000009 955.50000000000011 2976.5000000000005 -11269.999999999998 21134.500000000004 28021.500000000004 32674.500000000004 18677.500000000004 28174.500000000004 33497.000000000007 49386.000000000007 -12835.999999999998 7962.5000000000009 3140.5000000000005 24983.500000000004 27901.000000000004 31882.000000000004 16653.500000000004 1.0000000180025095e-35 219.50000000000003 23890.500000000004 27910.500000000004 1960.5000000000002 1834.5000000000002 27910.500000000004 2.5000000000000004 25304.000000000004 26738.500000000004 1104.5000000000002 -4338.4999999999991 24030.500000000004 -3.4999999999999996 21466.500000000004 12276.500000000002 23613.500000000004 543.50000000000011 26765.500000000004 12633.500000000002 1429.5000000000002 20303.500000000004 14132.500000000002 14225.500000000002 18604.500000000004 16392.000000000004 10064.500000000002 4.5000000000000009 20902.500000000004 18701.500000000004 -4968.9999999999991 -7353.4999999999991 19534.500000000004 13336.500000000002 32700.000000000004 1550.5000000000002 20253.500000000004 16428.500000000004 12633.500000000002 841.50000000000011 4707.5000000000009 26765.500000000004 12591.500000000002 22637.500000000004 25310.500000000004 1.0000000180025095e-35 20114.500000000004 21679.500000000004 13092.500000000002 11959.000000000002 1834.5000000000002 22842.500000000004 17349.500000000004 21773.500000000004 13336.500000000002
decision_type=2 2 2 2 2 2 2 2 2 2 2 2 2 2 2 2 2 2 2 2 2 2 2 2 2 2 2 2 2 2 2 2 2 2 2 2 2 2 2 2 2 2 2 2 2 2 2 2 2 2 2 2 2 2 2 2 2 2 2 2 2 2 2 2 2 2 2 2 2 2 2 2 2 2 2 2 2 2 2 2 2 2 2 2 2 2 2 2 2 2 2 2 2 2 2 2 2 2 2 2 2 2 2 2 2 2 2 2 2 2 2 2 2 2 2 2 2 2 2 2 2 2 2 2 2 2
left_child=6 2 3 8 5 10 7 11 16 21 22 56 14 18 15 29 57 20 34 31 26 30 33 -23 25 52 27 39 -29 32 47 -20 -13 51 48 36 82 38 46 73 42 44 43 105 45 60 50 65 -14 -34 62 -3 53 54 72 -37 -1 -2 64 61 -6 75 77 -16 -59 -5 90 89 -69 70 -48 -72 106 -10 98 79 91 78 112 80 92 88 -18 -58 -85 86 -57 125 -74 -41 97 -56 93 121 -95 96 -96 -53 99 101 -101 113 103 -100 -35 -30 110 108 109 -67 -25 -84 114 -38 115 116 118 -118 -24 -68 -121 -55 -62 -103 -88 -77
right_child=1 4 -4 9 41 -7 -8 -9 17 -11 -12 12 13 -15 63 -17 35 -19 19 -21 -22 23 37 24 -26 -27 -28 28 40 -31 -32 -33 49 104 -36 55 74 -39 -40 67 -42 -43 -44 -45 -46 -47 69 -49 -50 -51 -52 66 -54 59 76 85 83 58 -60 -61 122 -63 -64 -65 -66 107 119 68 -70 -71 71 -73 81 -75 -76 87 -78 -79 -80 -81 -82 -83 111 84 -86 -87 124 -89 -90 -91 -92 -93 -94 94 95 -97 -98 -99 102 100 -102 123 -104 -105 -106 -107 -108 -109 -110 -111 -112 -113 -114 -115 -116 -117 117 -119 -120 120 -122 -123 -124 -125 -126 -127
leaf_value=0.10540714309275484 0.11458949785621748 0.26921429587233964 0.2918359673292234 0.17713770569467652 0.29319342243817181 0.20249659211005031 0.10181381495576564 0.25007001719234495 0.20321929049498594 0.1042082715630429 0.29482647043403432 0.12387400494358639 0.12963939025594531 0.29853511116453868 0.12264908623471708 0.21491864894939591 0.12866813986936593 0.12118842401085124 0.17564879380677145 0.13394993858838855 0.26630652765099633 0.12192410665581843 0.23736528037031651 0.21244327637299507 0.29880451632088023 0.18080375929523271 0.16907786821813159 0.27826824892795349 0.20401820199658988 0.1072872264993381 0.24123692536261199 0.24064216996115242 0.15479179198514206 0.28614578820375347 0.10769004534682468 0.14773258429283984 0.1892527056485819 0.28756722012745262 0.17677995720358114 0.16721701128510946 0.25261579752845237 0.30094474773999136 0.23471722725978655 0.15720944785442531 0.30203362156748481 0.21397836345444418 0.22460632525607716 0.2057122748727285 0.18108135822486865 0.19835008431388987 0.26905966607536241 0.23071291902638771 0.26754116486736668 0.21456276126809462 0.25988429087864739 0.17233984082020104 0.11485015618442149 0.14241231583709787 0.11590929681662218 0.15933365477926137 0.25061439101963912 0.26490217212692441 0.18616317279963768 0.1014438312917498 0.19054444512442312 0.20937420591877168 0.25754485873201782 0.20707639363928382 0.14763752193830132 0.24418296866883943 0.25991293460797493 0.29031221263986318 0.22960820965726991 0.25014584610853247 0.19949912244240081 0.22758483963494608 0.26351055426256692 0.21502320456690358 0.28193186882068 0.24251653774558637 0.14703333984445804 0.22323664620808659 0.1200465276484444 0.11983635828185271 0.16008686760193389 0.14999160815279478 0.19193334820431474 0.1941038021619845 0.25250967543687958 0.12772282371591318 0.25222315964210085 0.23849874750826031 0.23390762567456633 0.17561283467281708 0.20640918046630174 0.18628275077993389 0.24898494148995495 0.19846053694590021 0.14645503099697393 0.22995377061342567 0.17491936580946219 0.18564993136440378 0.14657589453375414 0.21603876758754542 0.26421730050579423 0.22958021719722232 0.20143952497465242 0.1735862181485269 0.23238003131553062 0.1723146392421418 0.23834893219891159 0.15069747531518474 0.20904552645891541 0.14336799105097836 0.25644135975475252 0.20270141957148058 0.22221628354281608 0.27667202977114391 0.20914444838352814 0.2077760897107257 0.24945512174366338 0.23997591939777196 0.27375915376965876 0.15258056474844822 0.22388231539836456 0.25102624645406751
leaf_weight=195.01831594109535 232.86460770666599 130.49218800663948 770.27413314580917 135.77428805083036 92.422166921198368 458.42282962799072 751.73181086778641 166.92574572563171 12.864297509193422 31.455981254577637 345.46204394102097 56.063535392284393 46.320048868656158 67.535940587520599 133.99531173706055 77.91360430419445 143.75842148065567 35.274341464042664 36.290962800383568 77.04716432094574 47.138304710388184 10.381680279970167 63.683031499385834 32.787710130214691 22.452606201171875 52.919471725821495 91.564471870660782 35.896402835845947 21.710418179631233 70.296039938926697 52.223202466964722 56.294173747301102 42.840964317321777 215.88098378479481 104.41791370511055 51.022264391183853 5.196428768336772 38.995527327060699 52.933448791503906 15.023479491472242 33.834787845611572 1052.1147985830903 35.539265215396881 49.336423575878143 112.61236906051636 30.288118958473206 10.349677629768847 226.34757463634014 36.387234300374985 41.445326328277588 31.732193052768707 20.590990945696834 21.576669737696648 132.63937822729349 26.012698598206043 141.64512135833502 31.202259048819542 20.449046492576599 21.889120042324066 5.8268519788980475 22.568055778741837 9.1125265508890134 8.6530267596244794 138.86242163181305 15.197312295436857 21.58849074691534 78.486407816410065 22.086541071534157 24.684723749756813 36.091665148735046 55.131690114736557 48.862548820674419 46.254091076552868 11.394597306847571 10.874257281422613 35.6134417578578 47.878576681017876 23.341011434793472 10.566250808537005 11.19633938372135 5.2581931948661795 115.38048510998487 13.719675526022909 16.775194719433784 32.084867566823959 13.643842816352842 45.177981875836849 5.2465564459562293 28.103751540184021 18.495592772960663 9.5323008075356466 84.118481777608395 17.753870733082294 10.646381415426729 11.063668906688692 14.247230455279349 6.9061209484934798 10.694133795797823 6.7852127030491811 9.8360652923584002 12.088792666792868 27.975526042282581 53.207686081528664 6.9546943604946136 30.499739281833172 21.516344621777534 30.702770687639713 8.3832016736268979 11.145909078419207 12.398063287138937 14.637370593845842 86.170819960534573 8.8767919689416868 37.407827295362949 14.899945884943007 6.9569529294967642 7.5918447151780155 9.0086425542831403 16.52127692848444 7.6597493290901211 17.306420750916004 9.1181702986359578 72.618195697665215 7.7633877024054518 5.573331579566001 14.18891306221485
leaf_count=1069 2062 1372 41 1561 880 26 63 20 63 3 64 122 99 14 93 69 1519 10 82 26 20 17 493 392 6 35 61 47 60 48 61 60 67 2263 54 609 51 20 54 67 53 2461 36 65 19 28 96 2569 32 42 58 239 35 1399 311 1519 215 106 62 12 130 27 18 26 84 232 845 56 58 63 333 203 553 46 32 381 540 64 49 43 22 1333 163 56 115 66 419 26 336 62 95 945 108 107 110 99 58 99 65 66 74 274 370 41 301 41 360 42 78 120 175 907 36 352 73 37 58 58 103 72 176 100 209 64 36 110
internal_value=0.213856 0.238795 0.210076 0.187292 0.271018 0.251003 0.137341 0.156115 0.162744 0.214162 0.267966 0.143651 0.152366 0.174526 0.135724 0.158943 0.145058 0.198805 0.150862 0.177968 0.205215 0.216929 0.258273 0.226248 0.227698 0.225562 0.197775 0.206595 0.22281 0.138301 0.200572 0.214992 0.154504 0.269846 0.12663 0.155947 0.147349 0.244585 0.240261 0.176059 0.210219 0.296578 0.198757 0.184807 0.282438 0.271926 0.249889 0.195393 0.151567 0.175735 0.238798 0.257217 0.228824 0.227573 0.234263 0.17027 0.112773 0.119904 0.142804 0.21765 0.281197 0.219051 0.232825 0.111473 0.161639 0.183181 0.246015 0.161025 0.174901 0.264463 0.27049 0.27485 0.224732 0.225683 0.164236 0.217322 0.250211 0.235504 0.238886 0.213854 0.212196 0.229447 0.135273 0.131875 0.144587 0.17616 0.178355 0.230746 0.238747 0.143457 0.227985 0.243976 0.214177 0.212201 0.198384 0.206941 0.223572 0.219442 0.162063 0.168855 0.199514 0.160609 0.152755 0.17987 0.283672 0.216729 0.213146 0.198971 0.204535 0.194952 0.220899 0.145564 0.234768 0.14819 0.236746 0.233477 0.235817 0.254022 0.231521 0.252864 0.236788 0.216414 0.268778 0.176896 0.195692 0.23499
internal_weight=8868.47 6689.02 3537.18 2766.9 3151.85 1769.22 2179.45 1427.72 1445.56 1321.34 1310.8 1260.79 985.711 424.293 561.417 288.559 969.201 476.36 356.757 169.632 441.086 1289.88 965.338 822.024 811.642 789.19 393.947 302.383 197.834 210.646 467.861 92.5851 140.35 521.143 187.125 678.801 421.739 444.196 405.2 104.549 161.937 1382.62 128.102 92.5632 330.509 217.897 352.267 415.638 82.7073 84.2863 201.831 274.762 736.27 714.694 425.876 257.063 275.081 290.4 57.5355 288.818 187.608 282.991 170.099 272.858 35.6464 189.29 144.27 80.2903 46.7713 150.436 114.344 103.994 267.866 24.2589 178.09 273.878 158.01 161.446 138.105 218.829 207.633 189.738 243.649 80.0623 48.8601 206.04 192.396 55.0489 74.3578 33.5191 40.8174 110.131 202.375 184.621 42.8634 32.217 17.9698 31.2851 167.216 100.268 21.9249 78.3432 66.9476 13.7399 246.381 43.2268 78.1279 53.5157 45.1325 33.9866 47.4251 99.8905 127.538 42.6043 118.662 103.762 96.8048 16.6005 80.2043 103.453 24.9662 141.758 95.1863 35.7389 50.7513 49.8024
internal_count=35500 33128 22033 21992 11095 7368 2372 2309 9686 12306 7342 2289 834 367 467 348 8941 745 353 168 735 12303 7278 7640 7623 7617 715 654 302 279 4663 142 231 5462 185 6627 3978 1816 1796 352 255 3727 202 166 1266 1247 1742 4602 131 109 1047 2898 7582 7547 4945 2649 1455 2314 252 2602 1219 2590 989 119 190 2033 1526 243 114 695 632 536 3149 109 1389 2563 1796 971 907 2046 2003 2222 2589 386 171 2040 1974 517 889 129 433 1256 1981 1873 374 267 168 338 1357 881 140 741 476 106 2564 101 927 472 430 352 567 1070 858 403 822 749 712 116 596 1093 248 1499 339 338 455 491
is_linear=0
shrinkage=1


Tree=1
num_leaves=127
num_cat=0
split_feature=8 7 6 6 6 3 2 0 7 8 6 3 6 7 7 1 7 6 8 1 3 2 3 7 6 0 1 6 0 7 3 0 7 3 6 3 7 3 3 6 7 3 6 8 1 0 6 7 3 6 7 6 0 7 7 3 1 1 3 1 3 2 1 3 0 1 0 3 0 3 0 3 3 1 0 0 1 3 0 6 0 1 0 2 3 1 1 0 2 6 1 8 2 6 3 2 1 3 1 0 2 3 0 3 1 2 0 0 2 0 3 3 2 0 1 3 3 3 3 2 1 3 1 3 0 3
split_gain=6093.88 2160.93 652.293 2371.31 566.155 511.537 601.229 433.85 271.382 238.711 228.282 221.006 213.497 181.859 176.807 101.975 95.8419 90.6099 87.1716 476.564 140.991 201.189 86.451 87.688 106.423 75.6444 70.302 55.3809 46.6029 46.1215 54.2508 45.7283 43.3309 41.7593 36.7494 34.2945 33.488 31.7701 29.6326 26.4536 25.3839 25.2868 25.0575 20.5388 19.6482 19.2185 18.1028 29.0815 17.8793 17.3903 16.4484 16.3583 16.023 15.8967 15.6775 30.4503 13.016 12.2699 11.9288 11.922 19.292 11.7466 11.6846 14.3933 11.2271 11.2069 11.077 14.2206 11.8022 11.0231 10.842 24.7864 11.2968 10.7953 21.5221 10.7075 10.5358 11.2419 10.1502 9.8845 9.70152 8.62537 8.54646 8.49079 8.00957 7.97176 7.63072 7.49695 11.9103 7.47101 7.25129 8.98721 7.2427 6.93576 6.61284 6.51606 6.43371 7.20801 6.10758 6.03628 17.5367 7.93844 5.67056 5.90996 5.26275 5.2081 11.7697 8.13589 6.012 6.71041 5.98106 5.6416 5.19887 6.23888 5.16318 5.13869 5.13373 5.01513 4.99874 4.82783 4.7906 5.76657 4.65414 11.1748 10.7429 4.63445
threshold=-1.4999999999999998 5.5000000000000009 10.500000000000002 9.5000000000000018 2.5000000000000004 51325.000000000007 54385.500000000007 59565.500000000007 2.5000000000000004 3.5000000000000004 3.5000000000000004 51325.000000000007 8.5000000000000018 2.5000000000000004 3.5000000000000004 30096.000000000004 7.5000000000000009 3.5000000000000004 -3.4999999999999996 40907.500000000007 39750.500000000007 39484.000000000007 39750.500000000007 5.5000000000000009 8.5000000000000018 34459.500000000007 30096.000000000004 1.5000000000000002 35566.000000000007 4.5000000000000009 27901.000000000004 29892.500000000004 3.5000000000000004 33076.500000000007 6.5000000000000009 34238.500000000007 1.0000000180025095e-35 31230.000000000004 3100.5000000000005 5.5000000000000009 3.5000000000000004 17623.000000000004 1.0000000180025095e-35 -1.0000000180025095e-35 2976.5000000000005 27109.000000000004 4.5000000000000009 3.5000000000000004 5154.5000000000009 7.5000000000000009 1.0000000180025095e-35 3.5000000000000004 5619.5000000000009 1.0000000180025095e-35 8.5000000000000018 25306.000000000004 23890.500000000004 3762.0000000000005 2388.5000000000005 22590.500000000004 24298.500000000004 4943.5000000000009 1845.5000000000002 1429.5000000000002 34459.500000000007 6253.5000000000009 20565.500000000004 22637.500000000004 27516.500000000004 5682.5000000000009 19100.500000000004 19201.000000000004 22861.000000000004 27664.000000000004 33539.000000000007 4617.0000000000009 14614.500000000002 11151.500000000002 26738.500000000004 2.5000000000000004 28846.500000000004 10742.000000000002 49386.000000000007 7085.5000000000009 4126.5000000000009 21266.000000000004 1366.5000000000002 12507.500000000002 10687.500000000002 4.5000000000000009 16392.000000000004 -1.0000000180025095e-35 19016.500000000004 8.5000000000000018 1893.5000000000002 14014.500000000002 1153.5000000000002 948.50000000000011 2215.5000000000005 11969.000000000002 15102.500000000002 10950.000000000002 13051.500000000002 15076.000000000002 24451.500000000004 11865.500000000002 14910.500000000002 9542.5000000000018 14621.500000000002 11327.500000000002 7386.5000000000009 12376.500000000002 12301.500000000002 15026.500000000002 7823.5000000000009 2449.5000000000005 1104.5000000000002 3969.5000000000005 20073.500000000004 5040.5000000000009 8492.5000000000018 8718.5000000000018 17737.500000000004 21466.500000000004 23346.500000000004 5421.5000000000009
decision_type=2 2 2 2 2 2 2 2 2 2 2 2 2 2 2 2 2 2 2 2 2 2 2 2 2 2 2 2 2 2 2 2 2 2 2 2 2 2 2 2 2 2 2 2 2 2 2 2 2 2 2 2 2 2 2 2 2 2 2 2 2 2 2 2 2 2 2 2 2 2 2 2 2 2 2 2 2 2 2 2 2 2 2 2 2 2 2 2 2 2 2 2 2 2 2 2 2 2 2 2 2 2 2 2 2 2 2 2 2 2 2 2 2 2 2 2 2 2 2 2 2 2 2 2 2 2
left_child=5 4 3 7 8 6 14 9 27 10 73 12 15 51 -1 16 28 40 20 22 21 31 23 -20 26 56 45 36 37 35 66 -16 42 39 -35 46 38 43 44 -17 41 76 -10 -12 58 -25 47 -19 75 -36 125 53 -50 69 55 -11 -18 -40 62 78 104 -59 63 96 -57 -63 118 -68 -69 -6 71 102 -72 74 79 84 77 -15 89 -3 -62 83 -22 114 -38 -49 -65 88 120 -45 -53 -92 -81 -33 -64 -89 97 -2 -60 101 -101 -55 -42 -104 -61 107 108 110 109 -107 -44 -109 -79 -114 119 -46 -98 -77 -31 -54 -52 -122 -48 124 -124 -29
right_child=1 2 -4 -5 13 -7 -8 -9 32 54 11 -13 -14 17 18 33 25 29 19 -21 82 -23 -24 24 -26 -27 -28 50 -30 30 -32 93 -34 34 49 -37 48 -39 57 -41 70 -43 105 59 115 -47 122 85 52 -51 87 90 81 99 -56 64 -58 61 98 60 80 65 94 86 -66 -67 67 68 -70 -71 72 -73 -74 -75 -76 117 -78 112 -80 92 -82 -83 -84 -85 -86 -87 -88 95 -90 -91 91 -93 -94 -95 -96 -97 116 -99 -100 100 -102 -103 103 -105 -106 106 -108 111 -110 -111 -112 -113 113 -115 -116 -117 -118 -119 -120 -121 121 -123 123 -125 -126 -127
leaf_value=-0.10024942522026566 0.0031391362793550407 0.070838089250398889 0.087167148526132263 -0.098452777412373016 -0.0014759257433831312 -0.10417245068089197 0.035914839827503924 0.087175966361691989 0.050272097315648703 0.077613162194364996 -0.036694612490062936 0.079203427465789747 -0.047894274566713198 0.015819245431126224 -0.097333099704650788 0.026670578464020808 -0.032835848571715218 -0.052449653578674219 -0.09026006646209761 0.053223898428932971 -0.082873047253123333 0.026180604008024522 -0.097276452445984707 -0.067501881899466751 -0.08195458293013673 -0.078959047528678841 0.055856115418202956 -0.025478898294174587 0.060635238697162308 0.0042402206988561408 -0.046004105708088557 -0.027120913964950449 0.06310419848460995 0.050862243208139257 -0.001562053023484015 0.027742722200735051 0.019249243279834502 -0.065466187786112684 -0.035800899276966849 0.07089426293467993 -0.017077583102049015 -0.05693513733486634 0.025932391998041579 0.030310178958156592 0.059999609972173851 -0.0072138077165954219 -0.068462058822791411 -0.011060673946616062 -0.03123462482103306 0.027219857897709865 -0.023190002279977664 -0.078885845399704307 0.039759779424497703 -0.035781510004260483 0.078761880371545287 0.012772386200852005 0.019992330895267908 0.0069702053783752523 -0.043666210498382527 0.026689909111941398 -0.015386736045070676 -0.034438076777744027 0.03144036210520789 -0.044795208637456188 0.052846794723840788 0.021606828216632269 0.050630076743479163 -0.022225099270182656 0.034505517250726175 -0.079212498454126201 0.054284080588785533 -0.08078503605768679 -0.0056484853879781817 0.083242572543882121 -0.025272738370462303 0.058574665883049208 0.0238473828388352 0.0027394119533780369 -0.031187675558138873 0.063742457433859659 0.027826848415754543 0.045267476456130384 -0.10455625528944486 -0.0076839140476892042 -0.025714906179497968 0.037136134735304437 -0.010360280520281843 0.029838848497384843 -0.052777701497168011 -0.012266812791263501 -0.0976406550424012 -0.044955130049089971 0.037768188746704373 -0.056936818074164189 0.0056506081909816859 -0.027392394248854292 0.034252496586146493 -0.019908134970587126 -0.0095659637329999041 0.0019162480535508482 -0.058336977827295279 -0.067533441630990218 0.04064315076471494 0.0067677733662027048 0.066440467274733461 -0.035390723055694233 0.038114624684439484 0.039470872572653887 -0.050545125390210659 0.01390442749839578 -0.0064622874139438295 -0.00097177432777973891 -0.046849648239403928 0.00061240737055566789 0.048237421015331322 0.021600885361444652 0.005448207414523204 0.03057825445070398 -0.046690925976020536 0.0053596312517802738 0.0258042305286733 -0.014226974846197837 -0.040553443372247616 -0.061026375585484266 0.019499396118412685 -0.06475513445524933
leaf_weight=278.95889381319284 203.07710611075163 159.1427523419261 900.23479008674622 284.3558304309845 5.1421323269605628 758.27879762649536 166.20430183410645 696.26250696182251 109.58895695209503 89.58687649667263 18.300472512841225 132.49905616044998 133.52489659190178 25.663862697780132 86.021367162466049 52.834147661924362 15.75912109017372 58.957799561321735 75.942295826971531 106.80714344978333 124.65705949068069 74.994612455368042 140.28759533166885 19.963171951472759 51.093399047851562 56.00485023856163 40.782471626996994 13.115835800766943 48.668491721153259 10.83979080617428 58.305009409785271 36.314888060092926 164.15272834151983 90.709225177764893 105.0699211359024 15.103860646486281 54.685826286673546 13.364784091711043 76.428532674908638 105.1401764601469 8.411779545247553 22.684042416512966 28.012425556778908 25.11607526242733 12.742093026638029 37.141302928328514 69.368435747921467 31.187041684985161 25.795130006968975 103.04287403821945 63.20940588414669 146.60002002120018 11.619874961674212 55.886601381003857 309.27574972063303 36.291454464197159 37.227475300431252 54.12145834416151 19.469740204513073 15.368098869919775 23.474853292107582 50.155651785433292 44.55158969014883 22.562788240611553 35.123030185699463 9.9735565707087499 30.108169510960579 18.912782698869705 15.96493163704872 55.912852577865124 34.600302539765835 5.8896308168768874 9.6766400486230832 73.291671678423882 6.6330023407936087 23.051426522433758 31.811490036547184 12.253533035516737 16.982068866491318 58.183717459440231 26.628008171916008 15.167764775454996 140.07443571090698 59.474406212568283 11.057425588369368 10.685818664729593 55.435252599418163 12.963475175201895 25.728684537112713 16.089268170297146 10.45528209209442 50.807867288589478 65.526433914899826 54.504402905702591 57.195710107684135 6.7218296453356734 25.006113715469837 39.671358920633793 40.367077857255936 26.03793603926897 21.179188922047615 36.258832089602947 27.968685731291771 24.764214776456356 27.612677067518234 8.47562128305435 19.617976784706116 76.933867909014225 5.982611618936061 24.410842604935169 27.002213627099991 9.372369706630705 25.24728599190712 9.08968937397003 10.59138949215412 31.888782985508442 40.621789373457432 75.022227980196476 7.2536171600222579 58.393925420939922 12.527298331260679 25.81916019320488 33.53391856700182 79.501228153705597 8.7153400778770429 29.802426263689995
leaf_count=1143 2429 1282 32 21 50 63 20 40 1191 475 62 16 46 261 242 73 75 480 281 37 86 49 56 74 46 53 52 137 56 82 89 55 1603 71 54 27 651 29 909 115 80 164 325 171 153 71 561 242 222 59 702 1424 99 632 548 93 98 611 232 65 72 454 534 269 41 113 168 85 41 618 236 43 41 160 18 251 306 112 69 463 60 157 26 696 126 54 662 124 256 93 50 338 347 71 684 69 300 474 482 249 195 343 283 218 93 80 189 816 64 230 316 86 251 95 126 382 486 681 45 628 148 292 213 313 46 304
internal_value=0.00135201 0.0251421 0.0500267 0.0383776 -0.0074284 -0.0709452 -0.0533081 0.0534185 0.00987993 0.0409828 0.0307525 0.0190284 0.0103825 -0.0357406 -0.0650303 0.0201951 -0.000505902 -0.0199661 -0.0549959 -0.0392936 -0.0692307 -0.0421529 -0.0664358 -0.0468324 -0.0242077 -0.0389766 0.00640741 -0.00178866 0.0176664 -0.0331791 -0.00941544 -0.0711441 0.0423026 0.0356084 0.0244508 -0.0440389 0.00241962 0.00594019 -0.00329316 0.056396 0.00493716 -0.0103043 0.0310823 0.0119482 0.00222323 -0.029175 -0.0478516 -0.0301168 0.0153813 0.0127268 -0.026698 -0.0621386 0.00447417 -0.0512668 0.0718663 0.0581848 0.00387052 -0.0203851 -0.000392132 0.0180681 0.0290711 -0.0098081 0.00219636 -0.00177273 0.0330084 -0.0248588 0.0164448 0.0260333 0.00384139 -0.0728753 0.0222743 0.00925174 0.04124 0.064959 0.0600421 0.0273048 0.000257744 -0.0102436 0.0001881 0.0621424 0.00757712 0.0106013 -0.0947151 0.00651796 0.0113398 0.00170168 -0.0208256 -0.0184636 -0.0228959 0.0136701 -0.0723013 -0.0554506 0.0504377 -0.0454943 0.0171878 0.00967521 0.00308192 -0.000673092 -0.0212791 -0.0413127 -0.0256559 -0.0489203 0.0191652 0.0252498 0.0532711 0.0203345 0.00749547 0.0255229 -0.00840157 0.000382871 0.0101117 0.0350609 -0.0247358 -0.0344822 0.0170238 0.0337479 0.0168479 0.0377339 -0.0172921 0.0116188 -0.0148359 -0.000698767 -0.0569766 -0.0498876 -0.0278855 -0.0537196
internal_weight=8855.7 6663.67 3777.32 2877.09 2886.35 2192.03 1433.75 2592.73 1791.57 1896.47 1426.19 1063.42 930.917 1094.78 1267.54 797.393 340.596 686.499 988.584 472.017 516.567 251.835 365.21 224.923 148.98 108.991 97.8869 1318.02 231.605 448.438 141.384 176.841 473.55 456.796 298.822 307.053 1128.13 182.936 783.269 157.974 238.061 126.75 309.397 169.572 592.589 57.1045 291.95 100.831 344.859 208.113 189.888 408.281 181.042 200.418 470.277 161.001 52.9866 190.679 547.959 151.271 93.0836 114.251 488.122 386.374 71.4145 60.1292 83.0793 64.9859 34.8777 61.055 111.311 67.0343 44.2769 362.778 289.486 163.817 104.066 72.2544 58.1874 282.853 50.1029 155.247 264.731 140.08 65.7433 41.8729 77.998 146.97 127.285 41.2053 207.863 61.2631 123.71 90.8193 101.747 19.6853 308.376 242.748 59.8368 139.363 47.2171 92.1454 61.1447 52.7329 42.9808 199.808 58.4871 141.321 38.8691 32.8865 55.0146 86.3062 46.5905 34.337 80.6052 44.6309 65.6279 98.0737 18.0934 70.0138 101.556 38.3465 191.119 121.75 42.2493 42.9183
internal_count=35500 33128 4950 4918 28178 2372 2309 4897 19743 4857 3700 1430 1414 8435 2289 1368 996 4536 1146 617 529 417 580 524 243 226 197 14843 770 2446 510 368 4900 372 184 1936 12811 714 9174 188 2090 1189 3297 685 7087 145 1909 776 3637 113 2032 3899 1928 2087 1157 609 173 2087 6552 623 290 1178 5838 4620 134 567 421 294 126 668 901 624 277 2270 2110 1709 1025 719 333 2092 132 1706 112 1549 777 296 931 1591 1398 264 1812 388 810 126 1218 193 3689 2903 714 1419 444 975 581 501 158 2106 563 1543 374 310 641 902 458 346 853 535 786 932 127 727 1142 440 1133 572 259 441
is_linear=0
shrinkage=0.05


Tree=2
num_leaves=127
num_cat=0
split_feature=5 7 3 1 5 6 6 5 3 7 6 7 1 5 0 6 7 4 7 5 6 0 0 0 7 5 5 6 1 6 3 4 5 3 5 6 7 5 3 3 5 3 0 0 3 5 1 3 5 6 3 3 1 3 4 1 5 5 5 0 4 4 5 0 5 4 4 6 1 3 3 1 1 5 0 1 3 6 0 5 3 4 5 4 5 4 0 7 1 0 6 1 3 1 0 7 3 0 6 6 5 1 5 0 1 3 4 0 1 1 3 0 0 5 4 3 3 6 1 5 6 3 1 0 0 5
split_gain=2807.78 1660.85 2447.13 1264.77 932.114 673.638 2014.81 430.531 651.802 293.952 279.177 267.035 433.04 210.629 246.243 133.998 246.387 205.361 157.187 130.179 95.0487 93.0711 72.9329 63.7238 57.2772 105.229 55.6592 48.7643 38.0234 33.7945 38.2078 32.2016 32.1312 26.4134 25.2991 39.839 24.8598 26.0758 24.8983 23.3402 28.1126 21.9366 22.2984 21.1909 18.3193 17.515 16.7506 15.6472 15.0818 14.8241 14.7773 14.6328 14.545 14.0295 13.7164 13.2821 12.7926 12.7067 12.6102 12.1 11.7049 11.1678 11.1335 10.4558 9.99033 9.59523 8.93181 9.05035 8.11582 7.1082 7.06423 6.75204 6.65515 8.95488 6.32983 5.53071 5.38263 9.53103 5.24014 5.17832 4.96553 11.0862 4.73617 4.46695 15.8046 4.46193 4.18514 4.06093 18.0565 3.60227 3.55985 3.47156 3.45978 6.02614 3.26029 6.11072 3.24082 4.82503 4.41724 4.82039 3.02826 2.92248 2.85523 2.72996 2.67202 2.61488 2.58492 2.51086 8.90204 2.48435 3.47661 2.63431 2.28915 2.22247 2.17554 2.10566 1.90679 1.8942 1.88621 1.87703 2.17052 2.28382 1.84832 1.92307 4.48483 1.60924
threshold=-4634.4999999999991 7.5000000000000009 45767.500000000007 51858.500000000007 2478.0000000000005 10.500000000000002 9.5000000000000018 2180.5000000000005 51325.000000000007 3.5000000000000004 8.5000000000000018 9.5000000000000018 44716.500000000007 -482.49999999999994 35566.000000000007 8.5000000000000018 4.5000000000000009 155673.50000000003 5.5000000000000009 8193.5000000000018 5.5000000000000009 40242.500000000007 27516.500000000004 40242.500000000007 8.5000000000000018 7196.5000000000009 -8386.4999999999982 6.5000000000000009 29413.500000000004 7.5000000000000009 33076.500000000007 146208.50000000003 219.50000000000003 10064.500000000002 14118.500000000002 3.5000000000000004 4.5000000000000009 -2545.4999999999995 18879.000000000004 39750.500000000007 -10554.999999999998 6203.5000000000009 31183.000000000004 30501.500000000004 26872.000000000004 -10210.499999999998 20477.500000000004 29069.500000000004 3905.5000000000005 5.5000000000000009 24606.000000000004 33076.500000000007 30096.000000000004 29703.500000000004 91828.000000000015 30096.000000000004 1396.5000000000002 10634.500000000002 4691.0000000000009 36825.500000000007 54217.000000000007 105111.50000000001 3699.5000000000005 32700.000000000004 -2277.4999999999995 62677.500000000007 179318.00000000003 5.5000000000000009 5548.5000000000009 14599.500000000002 24298.500000000004 5985.5000000000009 2976.5000000000005 -893.49999999999989 30501.500000000004 22590.500000000004 21685.500000000004 4.5000000000000009 2787.5000000000005 543.50000000000011 26049.500000000004 91828.000000000015 2180.5000000000005 179318.00000000003 -13261.999999999998 51324.000000000007 19250.500000000004 3.5000000000000004 19767.500000000004 23346.500000000004 4.5000000000000009 11053.000000000002 23970.000000000004 21679.500000000004 14670.500000000002 3.5000000000000004 21027.500000000004 12507.500000000002 4.5000000000000009 3.5000000000000004 3699.5000000000005 36675.000000000007 1135.5000000000002 10362.500000000002 4110.5000000000009 5509.5000000000009 48011.500000000007 20150.500000000004 18490.500000000004 21266.000000000004 23687.500000000004 20565.500000000004 23613.500000000004 3057.5000000000005 56586.500000000007 12276.500000000002 15335.500000000002 2.5000000000000004 11437.500000000002 -1273.4999999999998 2.5000000000000004 9496.0000000000018 4732.5000000000009 5619.5000000000009 4950.0000000000009 17797.500000000004
decision_type=2 2 2 2 2 2 2 2 2 2 2 2 2 2 2 2 2 2 2 2 2 2 2 2 2 2 2 2 2 2 2 2 2 2 2 2 2 2 2 2 2 2 2 2 2 2 2 2 2 2 2 2 2 2 2 2 2 2 2 2 2 2 2 2 2 2 2 2 2 2 2 2 2 2 2 2 2 2 2 2 2 2 2 2 2 2 2 2 2 2 2 2 2 2 2 2 2 2 2 2 2 2 2 2 2 2 2 2 2 2 2 2 2 2 2 2 2 2 2 2 2 2 2 2 2 2
left_child=3 2 4 9 13 6 7 8 21 29 19 12 15 14 36 18 17 -17 39 20 33 55 44 26 25 49 28 32 -24 30 45 48 47 58 35 69 37 71 86 40 -11 56 61 64 46 54 -20 92 -22 -9 -50 52 70 59 -1 74 78 63 68 62 -47 75 85 -27 -40 103 67 -26 -6 -21 76 -2 73 -39 -3 82 77 -37 79 -34 81 90 89 84 -18 106 -38 88 -67 102 -42 100 93 -15 114 -96 97 -73 99 -99 -70 -29 -43 -64 -58 122 -35 108 115 112 111 -111 -89 -97 -87 119 -101 -71 -117 -74 -121 -122 -80 124 -124 -59
right_child=1 5 -4 -5 10 -7 -8 24 -10 11 -12 -13 -14 27 -16 16 83 -19 22 34 31 -23 23 -25 66 57 -28 101 -30 -31 -32 -33 41 53 -36 51 38 72 43 -41 80 42 -44 -45 -46 60 -48 -49 50 -51 -52 -53 -54 -55 -56 -57 104 125 -60 -61 -62 -63 65 -65 -66 87 -68 -69 91 117 -72 96 107 -75 -76 -77 -78 -79 105 -81 -82 -83 -84 -85 -86 94 -88 109 -90 -91 -92 -93 -94 -95 95 113 -98 98 -100 116 -102 -103 -104 -105 -106 -107 -108 -109 -110 110 -112 -113 -114 -115 -116 118 -118 -119 -120 120 121 -123 123 -125 -126 -127
leaf_value=-0.09270124374133272 -0.072437241736940911 0.0068775537569925986 -0.095478573313410128 0.050567846423952539 0.059871307227341325 0.082319415124665216 -0.090615597680867951 -0.018716541320389583 0.072303004405579602 -0.088950002477038978 -0.082741476401040903 -0.093832831161395056 0.047126717291727599 -0.0044235707110328107 0.039108715593731858 -0.070534621956221538 -0.093515499837465682 0.086895801823544241 -0.072152749521725831 0.076592573790909668 0.053920617489929448 -0.066045264335019782 0.010823891635254327 -0.036089718947279081 0.079072691517158122 0.069550134764329585 -0.017450960574735424 -0.040966907558214631 0.068448149205793174 -0.10013116110714658 0.022561810910989903 -0.041679811857314765 0.013636263515731077 0.011152596392965598 0.080815410549231415 0.044865485107580448 0.0049788054252839983 -0.056197239497559087 -0.064001665911839103 -0.021549321442567326 -0.03075588262958541 -0.0057661059067875536 0.065078364533320873 0.010260362095860823 -0.081743351610172987 -0.077872315079031626 -0.0017911647045394715 0.073912336404162102 0.032788634309357176 0.023224068069356549 -0.029873571512545591 -0.0094119188687050576 0.072934427152162348 0.073187651739832826 -0.053798899699676529 0.033093716142337463 0.046132283436550098 0.068287797605168274 0.067192923877171337 -0.031393290945202545 -0.055295943130379457 -0.031874049856747931 0.012650997947663199 0.018793747761224028 -0.019555451026339144 0.035487492538012394 0.084370992277300327 0.054447227168260053 0.031016795924888187 0.066784956164890275 -0.0080882743298010523 -0.055312686409926259 -0.036333186951126889 -0.028985954462279303 -0.032521774289734552 0.041580553210151021 0.058315989812819408 -0.021068184775633741 0.010814042145315408 0.031924538820265934 -0.063502410011147412 -0.0076829868614247182 0.022248434349700596 -0.10051856289619827 -0.058999282618448182 0.017491677803003199 0.052591463182411535 0.030379599720448493 -0.052430153243518664 -0.036198443075276754 -0.071639954961845539 0.0054468764690231109 -0.04228113003202915 0.04766688316437679 -0.020009426043596623 0.036120811750335345 -0.073340153026206362 -0.037029180627295953 -0.054647323197352743 0.016166929626853465 0.049969007822518202 -0.020054346537985358 0.0075664039707771732 0.054851606939112188 0.028468256520739491 0.029370096336422881 -0.031413980058475566 -0.047120724907676395 0.031405921921894134 0.023776810189070748 0.015661779731776581 0.060770769736457654 0.0047348426407528401 0.0081414671845725008 0.058182957444207054 0.0068334063213898212 -0.017364655122365107 0.048199788492188755 -0.022501242893681786 -0.028769575364962153 0.014797986090753099 -0.02342872898684897 0.011675427298341742 0.011729487592954448 -0.035878879034772562 0.08238583812054627
leaf_weight=225.56231166422367 56.650600612163544 19.410599961876869 602.30642193555832 297.33862614631653 63.838946618139744 940.43910825252533 288.9510645866394 33.59517577290535 232.25753116607666 95.88730588555336 39.623556166887283 226.11212360858917 141.57812607288361 318.70350179076195 119.18672502040863 40.55267134308815 130.61267875134945 40.304614901542664 12.473781593143938 148.95619554817677 16.593742147088051 165.1526774764061 54.682444959878922 65.666553825139999 116.59543025493622 19.843800202012062 60.18391789495945 40.000561878085136 60.686862111091614 236.76733087748289 9.0858991444110853 43.178228259086609 74.712498649954796 5.5756639689207059 242.75759448111057 11.668978154659273 8.0606484934687632 71.300664372742176 29.485972337424755 30.043815314769745 12.127366267144682 79.8001689016819 13.218554392457007 25.123863816261292 30.178945660591125 162.46796369552612 23.276592403650284 5.5289035737514487 15.74486096203327 52.804830744862556 20.450966700911522 18.751557588577271 21.673727706074715 19.762446179986 31.415569975972176 24.588685244321823 58.79498490691185 100.19383585453033 117.37399534881115 7.0305297672748557 115.41779780387878 22.827990889549255 5.1336713358759871 22.468432575464249 24.406530112028122 19.551385372877125 481.5677672624588 75.728819295763969 64.629047632217407 42.463667698204517 12.679414734244345 76.491779401898384 115.0850111618638 61.136387877166271 19.464683681726456 8.5168411955237371 13.523838669061659 8.737041696906088 70.606854028999805 88.833291999995708 32.856530606746674 20.95121443271637 25.050847880542278 111.51841676235199 55.835661828517914 8.5383750945329648 11.532239645719526 60.934606470167637 7.1601281240582457 5.8465140014886847 16.292956955730915 9.0396610721945745 4.9011388123035422 4.6416002959012976 10.453653596341608 14.741287574172022 16.732699699699879 23.510956130921841 17.981212206184864 7.3336027786135656 43.041951470077038 36.705152571201324 78.661195062100887 67.023241482675076 49.323621653020382 13.706484094262121 6.8684909343719482 21.427431352436543 5.2889298126101485 9.0147995129227656 10.487153396010397 22.920582197606564 11.156175181269644 15.339669518172739 6.9922530204057685 5.5951150208711615 7.6051342710852623 55.744914956390858 39.044916249811649 74.355624616146088 6.1399978175759298 7.5503595545887947 8.4434714466333443 10.901519574224947 9.5353969857096654 110.35476525127888
leaf_count=1893 587 73 47 20 706 43 25 77 17 348 26 44 25 3652 68 90 139 14 72 1557 54 54 93 44 431 81 100 92 57 704 20 36 895 65 1387 79 68 846 111 29 98 798 22 55 75 1678 81 6 75 52 44 20 34 21 129 34 708 258 1297 9 887 67 56 26 95 188 83 96 701 300 32 836 1224 728 32 51 49 44 828 1067 86 86 247 28 75 73 56 511 47 36 117 95 16 23 94 100 60 221 133 67 475 13 803 642 503 136 60 112 41 63 38 115 65 101 76 51 61 340 384 800 71 72 88 93 78 395
internal_value=0.00129778 0.0182392 -0.00315474 -0.0456424 0.0143578 0.0481586 0.0298968 0.0535695 0.0134523 -0.0596683 0.0464909 -0.0446782 -0.033862 -0.00843825 -0.0271478 -0.0467297 -0.0693031 0.00798091 -0.0300233 0.0505583 0.0360038 -0.0463684 -0.00721394 0.00555841 0.0717822 0.0546409 0.0212816 0.00667466 0.0415062 -0.0838014 -0.0765136 -0.0101008 0.00977653 0.0433106 0.06818 0.0587732 -0.0382877 -0.04204 -0.014715 -0.0634604 -0.0703421 0.0165135 0.00438505 -0.0272438 -0.0534045 -0.0782449 -0.0277726 -0.00271004 0.0159304 0.00683141 -0.00233295 0.0291066 0.0397397 0.0328204 -0.0881918 0.00498964 0.0238419 0.070866 0.0540168 0.0297991 -0.0687452 0.000450263 0.0314485 0.0437694 -0.0446871 0.0370884 0.0803106 0.0697339 0.0451007 0.0690402 0.0229911 -0.056643 -0.0345035 -0.0439846 -0.013045 0.00434603 0.0346474 0.0167363 0.017997 0.023734 -0.0477751 -0.0361566 0.00243542 -0.0902484 -0.0835755 0.0135298 0.0344391 0.0290546 0.0106988 -0.000671394 -0.0560025 0.0365389 -0.0042364 -0.00351574 0.0195266 0.0113745 -0.05019 -0.0467125 -0.0342079 -0.0233796 0.0390291 -0.0314111 0.000826824 0.0521315 0.0384545 0.00952896 -0.012559 -0.0297677 -0.028099 0.0331633 0.0433347 0.0515188 0.0265985 0.0227347 0.0385258 -0.0295105 -0.000608356 0.0568783 -0.0186458 -0.0317706 -0.0254095 -0.00610376 0.00648059 -0.00395386 -0.0138439 0.0760551
internal_weight=8825.05 6485.17 3781.75 2339.88 3179.44 2703.42 1762.98 1474.03 460.874 2042.54 1319.16 1261.82 1035.71 1860.29 831.026 894.132 378.824 80.8573 515.308 1279.53 702.576 228.617 307.149 241.22 1013.15 339.261 175.553 1029.26 115.369 780.717 543.95 95.9678 952.555 606.608 576.957 334.199 711.84 613.23 98.6093 208.159 178.115 618.78 233.922 79.0164 65.9293 534.864 35.7504 333.775 52.7896 86.4 36.1958 87.0346 68.283 308.684 256.978 63.464 384.858 252.861 297.924 288.922 277.886 220.704 281.891 42.3122 53.8925 213.382 673.892 192.324 180.55 247.165 46.6093 206.306 406.924 132.437 38.8753 197.876 33.9299 20.406 276.74 163.546 82.2281 49.3715 189.359 297.967 186.448 68.5094 19.5929 141.225 26.7115 164.308 28.4203 116.711 328.246 323.345 56.0652 40.5346 149.655 132.923 56.4309 38.4497 107.671 76.7057 158.461 72.1569 108.119 113.194 12.4442 274.487 253.06 114.513 42.4225 31.9354 72.0908 30.081 15.5306 247.771 14.9387 98.2086 44.64 203.131 88.046 13.6904 99.4872 28.8804 17.9789 210.549
internal_count=35500 28468 26691 7032 26644 1777 1734 1709 210 7012 9675 1701 1657 16969 6747 1632 346 104 1286 9649 5807 193 522 294 1499 889 250 10222 150 5311 4607 209 10117 5598 3842 2455 6679 6294 385 764 735 6420 2024 261 228 4587 153 3697 173 129 119 258 238 2324 2022 139 4396 760 3274 2303 2565 2002 2294 107 206 1725 610 527 1977 2197 204 1965 4329 1574 105 1935 172 123 3185 1962 387 301 1884 242 214 569 124 1027 235 1637 215 1271 3691 3675 444 295 1378 1318 482 349 1176 105 1601 698 1211 1223 125 2755 2643 792 216 178 576 201 149 2602 128 640 435 2167 943 143 1087 259 166 653
is_linear=0
shrinkage=0.05


Tree=3
num_leaves=127
num_cat=0
split_feature=5 7 0 1 5 6 6 5 2 7 7 1 5 6 0 6 7 4 7 0 5 6 2 0 6 0 7 5 0 5 1 5 0 6 4 5 2 0 5 0 2 5 6 5 5 6 7 6 5 5 1 5 7 2 0 4 5 2 0 5 4 0 4 5 1 2 4 1 7 5 4 0 7 2 6 1 6 1 7 1 7 5 7 1 0 4 0 2 0 6 5 6 1 0 0 1 6 1 4 0 5 5 0 1 5 7 5 7 0 4 7 1 2 0 2 7 5 5 0 1 0 0 2 6 1 2
split_gain=2545.44 1521.14 1942.26 1143.41 964.046 624.14 1829.32 398.215 378.973 263.836 241.021 391.833 211.99 189.811 130.067 121.201 221.832 187.136 141.767 116.602 114.087 88.8752 75.6439 66.0156 63.0943 60.6322 54.0242 97.5957 53.7414 50.9367 36.4883 33.6663 37.9007 30.62 29.5192 26.2065 26.6806 25.106 22.7369 27.2945 21.9908 18.9525 26.3802 18.5399 15.056 14.0802 28.0014 13.4373 12.1911 11.9403 13.82 11.9145 11.3296 13.1179 10.9478 17.1114 10.7931 10.3202 10.2729 9.98141 9.73771 9.71806 9.08979 9.00807 8.89375 17.3862 8.76885 11.7692 8.28325 7.84186 7.67517 11.2095 7.43273 7.16823 5.87065 5.40372 5.12413 4.7411 14.8237 4.6825 4.51703 4.35476 3.88456 6.86829 3.7233 3.58503 4.27519 3.56518 5.66767 3.53813 3.49439 3.43901 3.72306 3.25483 3.18754 3.2662 3.11602 3.08322 3.05477 3.02944 3.23992 2.95503 2.80903 3.74961 2.70852 3.6493 2.68891 3.50675 3.27807 2.523 2.49488 2.98107 2.69124 3.41219 2.4423 2.42268 2.35047 2.34988 2.34944 2.20471 2.18167 2.14862 2.31051 2.10868 2.10004 2.08749
threshold=-4634.4999999999991 7.5000000000000009 59565.500000000007 51858.500000000007 2478.0000000000005 10.500000000000002 9.5000000000000018 2180.5000000000005 54385.500000000007 3.5000000000000004 9.5000000000000018 44716.500000000007 -448.49999999999994 7.5000000000000009 42276.500000000007 8.5000000000000018 4.5000000000000009 155673.50000000003 5.5000000000000009 42276.500000000007 8193.5000000000018 7.5000000000000009 39484.000000000007 27910.500000000004 5.5000000000000009 40242.500000000007 8.5000000000000018 7196.5000000000009 38358.000000000007 -8386.4999999999982 31856.500000000004 -2981.9999999999995 32700.000000000004 7.5000000000000009 99310.500000000015 219.50000000000003 5447.5000000000009 32700.000000000004 -18977.499999999996 29892.500000000004 8874.5000000000018 13643.500000000002 3.5000000000000004 -9869.9999999999982 4109.0000000000009 7.5000000000000009 4.5000000000000009 5.5000000000000009 1135.5000000000002 -840.49999999999989 3281.5000000000005 10634.500000000002 6.5000000000000009 28021.500000000004 31183.000000000004 103865.00000000001 -7590.9999999999991 30671.500000000004 29346.500000000004 6133.5000000000009 62677.500000000007 32700.000000000004 51324.000000000007 -14092.499999999998 35203.000000000007 31291.000000000004 129577.50000000001 23596.000000000004 4.5000000000000009 4340.0000000000009 126938.50000000001 27516.500000000004 5.5000000000000009 15228.000000000002 5.5000000000000009 21266.000000000004 2.5000000000000004 20867.500000000004 4.5000000000000009 5548.5000000000009 7.5000000000000009 1834.5000000000002 4.5000000000000009 20667.000000000004 10904.500000000002 106361.50000000001 22852.500000000004 23780.000000000004 22852.500000000004 6.5000000000000009 -10921.499999999998 5.5000000000000009 18638.000000000004 6651.5000000000009 21551.000000000004 16132.500000000002 3.5000000000000004 20867.500000000004 83782.500000000015 2787.5000000000005 543.50000000000011 -482.49999999999994 20964.500000000004 19943.500000000004 1834.5000000000002 1.0000000180025095e-35 -2181.4999999999995 1.0000000180025095e-35 10255.500000000002 79515.000000000015 4.5000000000000009 18947.000000000004 18677.500000000004 15513.000000000002 6283.5000000000009 2.5000000000000004 758.50000000000011 -2363.4999999999995 18943.000000000004 18324.500000000004 5542.5000000000009 8445.5000000000018 12192.500000000002 9.5000000000000018 19767.500000000004 15995.500000000002
decision_type=2 2 2 2 2 2 2 2 2 2 2 2 2 2 2 2 2 2 2 2 2 2 2 2 2 2 2 2 2 2 2 2 2 2 2 2 2 2 2 2 2 2 2 2 2 2 2 2 2 2 2 2 2 2 2 2 2 2 2 2 2 2 2 2 2 2 2 2 2 2 2 2 2 2 2 2 2 2 2 2 2 2 2 2 2 2 2 2 2 2 2 2 2 2 2 2 2 2 2 2 2 2 2 2 2 2 2 2 2 2 2 2 2 2 2 2 2 2 2 2 2 2 2 2 2 2
left_child=3 2 4 9 12 6 7 8 21 33 11 15 19 20 35 18 17 -17 38 31 24 22 37 57 40 29 27 47 59 30 63 45 49 34 43 72 48 -3 -11 56 69 42 73 97 -42 46 84 -9 99 50 117 61 53 75 55 81 77 85 -48 -26 -46 -29 -45 -25 65 -28 67 74 101 79 71 82 91 -22 76 -44 106 78 -40 -6 123 87 83 96 -2 86 -20 88 98 -58 -36 92 125 -78 95 -86 -62 -1 115 100 -37 121 109 -104 105 -50 108 -108 -52 -84 112 -112 113 -95 -109 -38 -117 -33 -111 -83 -101 -51 -123 -18 -114 -14
right_child=1 5 -4 -5 13 -7 -8 26 -10 10 -12 -13 14 -15 -16 16 80 -19 23 -21 41 -23 -24 25 28 -27 64 51 -30 -31 -32 32 -34 -35 90 36 54 -39 39 -41 44 -43 52 62 60 -47 58 -49 104 68 66 -53 -54 -55 -56 -57 89 -59 -60 -61 70 -63 -64 -65 -66 -67 -68 -69 -70 -71 -72 -73 -74 -75 -76 -77 93 -79 -80 -81 -82 119 102 -85 94 -87 -88 -89 -90 -91 -92 -93 -94 110 -96 -97 -98 -99 -100 120 -102 -103 103 -105 -106 -107 107 114 -110 118 111 -113 124 -115 -116 116 -118 -119 -120 -121 -122 122 -124 -125 -126 -127
leaf_value=-0.088104101891264497 -0.062588449450982506 0.0048929741834437875 -0.085886823153916825 0.048475892074679533 0.05563118168449336 0.079499999907393606 -0.085796642406196166 -0.017771069026598255 0.058635318361853539 -0.092780670180267255 -0.089237389216683616 0.045079341323779221 -0.0041807645179281821 -0.03019947971076474 -0.090642135251149239 -0.067004482090299911 -0.081331804460046078 0.083688113962168409 -0.064890894478002975 0.028052198264958819 0.073964302317652775 -0.058194794778546471 0.055415816262686914 0.03677651434546874 0.039403645227880035 -0.034221695880840557 0.077713459013914785 0.067052748591197073 -0.066090172857327434 -0.016585734070996599 0.076260164477763903 -0.082008135356683484 0.018834473135565882 -0.095132826362137934 -0.01565795471749518 0.012984539259964321 0.0057726220218050047 -0.062161763114207236 -0.074286903768411836 -0.014573063157380793 0.018566849980116297 0.077422182909770168 0.0028922431533494465 -0.07409157299337242 0.053756482960614221 -0.082575857511568873 -0.028998507868856493 0.02215919407071474 0.036212320747705501 -0.027409691990607162 -0.051463939633678013 0.073377391623713817 0.050029799183024797 -0.022137962473939503 0.035201209291410789 -0.033230646801688538 -0.024133280870121912 -0.025359276783093038 0.021627341547379261 -0.009121308939128988 0.03676270495192259 0.017940047897299548 -0.052937862313783252 0.0003747321073205663 0.081114860197240096 0.040720841342772394 -0.081443805645192838 0.010042301911761994 0.032122882994331602 0.063578757891532708 0.059278316830545075 -0.025394563264422229 0.028983647936285568 0.053604776697987501 -0.059684711336881163 0.056631321889232582 0.014376270373417811 -0.083031579689702706 -0.0056087804099948513 0.035152842898958404 -0.071867813769669261 0.01985224132989934 0.041654738341898555 -0.015167335382510911 -0.045594625381934824 -0.080867220498332851 -0.016398462146799003 0.03675243721220732 -0.040500198336139492 -0.061132793848415162 -0.046899455013344124 -0.042929164317530993 0.033296965826943123 -0.026327997890787349 -0.067818797305909728 -0.016882422647495315 0.0042071814411338551 -0.060470480614729843 0.025228341292326206 0.0043384377706705383 0.028304712217819994 0.0025593513417948811 0.023908709523656594 0.063681317238400093 0.04638148806357148 0.010989444337949347 -0.016568573615574289 -0.05005292547837982 -0.014818080255879509 -0.007513515846499493 0.014656562677578819 -0.024709704884571478 -0.062034515684299511 0.0023225251738831477 -0.028593738998080945 -0.018842186311917711 -0.00016189406382480503 -0.049117096262419724 0.027787957671855185 -0.0061429267731719101 0.029550114776221464 0.0082979752936667289 -0.021586321092682336 -0.097360620669094455 -0.021007077004162059 -0.034584494438489384
leaf_weight=230.73078344762325 86.692574195563793 24.143137186765671 594.13008594512939 294.77028691768646 57.404116302728653 925.51144510507584 289.94628617167473 33.664756178855896 227.02485704421997 43.682740479707718 225.92055994272232 140.67614889144897 295.8735132291913 77.347682148218155 33.236746609210968 40.605585940182209 104.09992404282093 39.807596921920776 11.273061342537405 81.303554832935333 141.00458952784538 134.75247658789158 40.890658318996429 31.69756081700325 31.145669609308243 65.838345676660538 102.58434209227562 19.597193993628025 24.83568549156189 56.139109924435616 44.252684026956558 8.4534243643283826 39.529035240411758 236.79353952407837 22.831896364688873 74.592672035098076 77.170565314590931 31.250218749046326 27.652433589100838 40.00924089550972 119.55191624164581 253.61467508226633 7.7835399731993702 147.25721967220306 91.037629820406437 31.423229023814201 22.090121157467365 52.627909854054451 56.914168395102024 83.413033649325371 39.959434628486633 207.48867469280958 37.545087821781635 16.123098999261856 23.680372312664986 32.200424790382385 24.062544591724873 32.010673969984055 16.678007006645203 15.10739480704069 30.926236771047115 22.40984320640564 104.9946533292532 36.018827736377716 507.8807130753994 52.679068803787231 7.6119181215763083 17.645806379616261 6.8710822388529769 109.8963660672307 22.165720254182816 8.6884459257125837 16.216998554766178 89.823351643979549 17.430076196789742 12.05211868137121 5.6905937865376464 51.665799543261528 11.288113765418528 78.047529235482216 77.054929822683334 54.905361868441105 15.424074992537497 10.280238948762415 37.215918652713299 20.512190014123917 9.1556204408407194 5.6904056668281546 7.4045116603374472 10.058578252792357 16.632940232753754 4.8239517211914054 5.5353003516793242 48.661686301231384 12.951332695782183 16.512508325278759 10.383410818874834 21.920060589909554 11.623924396932123 63.669526793062687 72.236640840768814 11.465430825948713 11.414337620139124 20.015076458454132 47.17654687911272 21.414297930896282 37.779138445854187 24.312636271119118 8.84148460626602 7.4859499186277416 8.9545134156942385 8.2448898553848249 8.0092171356081945 12.552875153720377 49.495332166552544 25.321797639131546 48.323053292930126 82.543665550649166 9.7221972122788411 8.7486740052700025 9.1880241855978948 9.7831812277436274 15.142097741365431 116.88346634805202 7.8880805149674407 4.8345617651939383
leaf_count=1938 931 82 33 20 644 43 25 77 14 102 44 25 3428 76 22 90 123 14 74 35 1501 66 16 49 116 44 416 81 22 94 34 99 45 704 66 895 809 32 180 61 1000 1505 60 1519 927 40 97 52 672 961 431 653 94 24 37 102 151 73 30 41 295 26 911 62 130 64 11 65 36 1228 23 31 51 582 98 58 61 165 65 851 37 571 158 65 356 48 44 34 45 40 49 18 34 511 52 121 74 124 73 731 871 132 75 109 540 233 397 234 86 51 59 43 62 116 532 248 492 978 67 60 76 104 128 82 47 41
internal_value=0.001251 0.0174676 -0.00299306 -0.0434455 0.0125404 0.0463149 0.0286955 0.0515264 0.0128739 -0.0567375 -0.0425194 -0.0322351 -0.0105333 0.0454222 0.0051321 -0.0444465 -0.0659306 0.00764434 -0.0285617 -0.0286454 0.0501966 -0.0321302 0.00451975 -0.00687685 0.0362366 0.00609643 0.069215 0.0525011 -0.00815313 0.0220253 0.0414038 -0.034561 -0.027905 -0.0795875 -0.0726543 0.00851745 0.0143949 -0.0332788 -0.0602836 -0.0511284 0.0414877 0.0669448 0.0579721 -0.0759299 0.0333486 -0.0510208 -0.0454335 0.00649907 0.0238138 -0.0314918 -0.0358106 0.0683023 0.0311245 0.0104303 0.00331597 0.000396413 -0.0626055 -0.048068 -0.00709741 0.0235908 0.0406581 0.0419948 -0.0655503 0.0177741 0.0775789 0.0655352 -0.0304501 -0.0288492 -0.0178419 0.0531301 0.0321757 0.0268699 -0.00297408 0.0663287 -0.0313645 0.0369349 -0.0292286 -0.0718329 -0.0551425 0.0442123 -0.0857576 0.00506374 0.0310232 0.0199752 -0.0549826 -0.0646762 -0.0451706 0.000941963 -0.000436656 -0.0366128 -0.0297823 -0.0047437 -0.00398817 -0.0198805 -0.0442415 -0.0373315 0.0289907 -0.0859742 0.0015956 0.0165443 0.020696 -0.0209911 0.0393997 0.0505738 0.0362676 0.0296051 -0.0348669 -0.0298732 -0.0453559 0.027305 -0.0221291 -0.00426055 -0.025945 -0.0204296 -0.0363039 -0.000347107 -0.00681822 -0.0530852 0.0125871 0.0161624 0.00794261 -0.0235298 -0.00979623 -0.0902328 -0.044421 -0.00479915
internal_weight=8777.63 6441.34 3768.88 2336.3 3174.75 2672.45 1746.94 1456.99 458.061 2041.53 1260.37 1034.45 1865.93 1308.83 1000.78 893.769 378.452 80.4132 515.318 865.146 1231.48 231.036 96.284 306.898 673.532 233.947 998.933 335.788 71.0887 168.108 111.969 783.842 560.279 781.161 544.368 967.545 640.261 55.3934 208.419 164.737 602.443 557.946 304.332 504.903 357.095 223.564 192.14 86.2927 345.192 520.75 394.075 249.496 73.5038 35.9588 295.069 271.389 124.727 72.9515 38.7681 46.2531 237.543 42.007 252.252 67.7164 663.144 155.263 303.078 295.466 126.675 245.348 146.506 124.34 327.284 230.828 277.82 19.8357 260.39 90.6063 38.9405 135.452 298.038 239.188 115.652 51.5899 153.372 40.9409 20.4287 175.534 169.844 34.1211 39.4648 311.067 306.243 100.002 66.6798 53.7284 41.3096 252.651 162.439 219.687 146.829 119.804 64.0616 31.4294 125.505 78.3285 160.388 111.587 48.8009 32.6322 94.3113 17.1994 77.1119 61.2146 73.808 150.815 73.6449 90.9971 17.2081 63.654 72.8576 108.338 24.9253 220.983 15.8973 300.708
internal_count=35500 28468 26691 7032 26658 1777 1734 1709 210 7012 1701 1657 16981 9677 10083 1632 346 104 1286 6898 9601 196 130 522 5777 283 1499 889 179 239 145 6863 5236 5311 4607 10061 6489 114 764 662 5598 3824 2319 4492 2875 1627 1587 129 4018 5191 3830 760 236 142 2471 2434 601 239 127 157 1875 107 2430 111 610 480 2753 2742 1361 2723 948 925 3572 2083 2677 118 2579 410 245 1495 242 2332 894 434 1460 166 118 1701 1667 191 115 3521 3503 899 529 477 369 2062 1622 2573 1766 1325 460 184 1445 905 1680 1163 517 276 838 102 736 627 766 1549 740 1077 118 631 807 1193 232 205 109 3469
is_linear=0
shrinkage=0.05


Tree=4
num_leaves=127
num_cat=0
split_feature=8 1 6 6 3 2 8 6 3 8 4 0 1 6 3 4 8 1 3 6 3 8 3 6 6 6 1 3 0 6 4 4 6 1 4 6 4 8 3 6 3 3 2 4 3 4 2 1 6 1 4 1 3 3 3 0 6 2 4 3 3 2 3 4 0 2 4 2 4 3 2 3 2 4 8 4 3 2 4 2 2 4 2 4 3 6 4 3 4 3 3 4 3 6 4 3 1 0 4 6 3 3 4 1 2 4 2 2 0 4 2 2 4 2 3 4 2 3 3 4 1 4 3 3 4 4
split_gain=4647.32 1265.94 492.833 1845.95 400.997 475.848 353.493 352.657 334.686 253.749 196.537 127.44 119.221 128.633 97.6428 93.823 112.323 345.117 100.049 137.45 98.9377 87.0406 113.067 71.5234 67.8377 61.2988 50.064 71.6112 60.4864 48.9322 47.1189 45.3355 44.9812 42.7365 39.2519 38.4272 72.6094 35.4794 30.0953 29.8367 28.5984 28.5649 26.6264 25.9806 39.8294 24.3542 22.3298 21.9678 24.153 21.6893 20.4791 19.2219 27.1614 19.0606 18.5249 17.8154 17.0429 16.0294 15.9475 18.8807 15.8653 15.4961 15.154 14.6654 13.351 13.2137 13.1858 13.0861 18.8009 12.5274 12.4247 12.2845 10.8845 10.4307 10.1729 10.0282 9.89277 9.80856 9.12305 17.4818 14.6844 8.81993 15.2392 8.51242 11.414 8.41251 13.3769 8.32764 8.27882 8.20539 8.12494 14.5708 8.33727 8.07913 17.4767 8.50394 7.81444 7.71197 7.50202 7.00082 8.04272 6.91929 6.91852 6.78082 6.72453 6.47018 11.296 6.45018 7.35394 6.10374 10.1156 6.02534 6.00072 5.87386 5.65798 9.01626 5.46468 5.44392 5.37423 7.9909 5.29978 5.15266 12.443 6.84424 5.55404 5.42651
threshold=-1.4999999999999998 30096.000000000004 10.500000000000002 9.5000000000000018 51325.000000000007 54385.500000000007 1.5000000000000002 2.5000000000000004 51325.000000000007 -1.0000000180025095e-35 51324.000000000007 40242.500000000007 14724.000000000002 4.5000000000000009 45767.500000000007 120507.00000000001 -3.4999999999999996 40907.500000000007 37730.500000000007 10.500000000000002 39750.500000000007 2.5000000000000004 34238.500000000007 6.5000000000000009 8.5000000000000018 3.5000000000000004 22333.500000000004 35845.500000000007 28846.500000000004 3.5000000000000004 48011.500000000007 155673.50000000003 9.5000000000000018 19098.000000000004 146208.50000000003 1.5000000000000002 22532.500000000004 4.5000000000000009 4985.5000000000009 1.0000000180025095e-35 25664.000000000004 11463.000000000002 24987.500000000004 89164.500000000015 18266.500000000004 142243.00000000003 31291.000000000004 40907.500000000007 4.5000000000000009 35203.000000000007 33065.000000000007 3762.0000000000005 3100.5000000000005 19534.500000000004 9783.5000000000018 31183.000000000004 7.5000000000000009 31291.000000000004 10253.500000000002 1831.5000000000002 27901.000000000004 18843.500000000004 14472.500000000002 82359.000000000015 35566.000000000007 12301.500000000002 71062.500000000015 11648.500000000002 66384.000000000015 23136.500000000004 15335.500000000002 3713.0000000000005 10687.500000000002 8392.5000000000018 3.5000000000000004 72794.000000000015 27901.000000000004 16406.000000000004 38948.500000000007 11107.500000000002 6038.5000000000009 115241.00000000001 20303.500000000004 60587.500000000007 14472.500000000002 6.5000000000000009 109014.50000000001 14109.000000000002 100471.00000000001 28495.500000000004 10064.500000000002 38948.500000000007 5509.5000000000009 6.5000000000000009 105111.50000000001 25664.000000000004 23315.500000000004 9640.0000000000018 56586.500000000007 5.5000000000000009 21027.500000000004 2133.5000000000005 13806.500000000002 2546.5000000000005 3234.5000000000005 73482.000000000015 22243.500000000004 3690.5000000000005 4532.5000000000009 26971.500000000004 7834.5000000000009 26765.500000000004 45286.500000000007 16274.000000000002 5421.5000000000009 18512.000000000004 4557.5000000000009 8718.5000000000018 2388.5000000000005 7910.5000000000009 24177.500000000004 36420.000000000007 6572.5000000000009 10257.500000000002 30480.500000000004 27374.500000000004
decision_type=2 2 2 2 2 2 2 2 2 2 2 2 2 2 2 2 2 2 2 2 2 2 2 2 2 2 2 2 2 2 2 2 2 2 2 2 2 2 2 2 2 2 2 2 2 2 2 2 2 2 2 2 2 2 2 2 2 2 2 2 2 2 2 2 2 2 2 2 2 2 2 2 2 2 2 2 2 2 2 2 2 2 2 2 2 2 2 2 2 2 2 2 2 2 2 2 2 2 2 2 2 2 2 2 2 2 2 2 2 2 2 2 2 2 2 2 2 2 2 2 2 2 2 2 2 2
left_child=4 6 3 8 5 15 7 10 9 -3 35 25 29 43 21 85 18 20 19 49 24 22 47 -24 34 -8 93 28 42 30 90 37 -20 -27 60 36 38 46 51 121 74 -32 120 44 62 57 -23 48 -11 55 114 52 58 -45 97 -17 -25 111 59 73 -18 63 75 -46 89 -43 -64 -12 70 -44 87 -53 112 -2 99 -14 -50 -68 80 -80 -41 82 -55 -67 -85 86 -1 98 -84 -30 91 92 -9 94 105 -95 -90 117 -69 100 -35 -60 -103 -54 -105 113 -107 -73 -109 -82 -111 -42 -56 -15 115 -37 -40 -52 119 -61 -28 122 125 -123 -124 -38
right_child=1 2 -4 -5 -6 -7 11 12 -10 14 67 -13 13 26 -16 16 17 -19 32 -21 -22 31 23 56 -26 33 27 -29 64 -31 41 -33 -34 40 -36 50 39 -39 116 78 45 65 69 53 61 -47 -48 -49 76 -51 54 71 103 81 72 -57 -58 -59 101 118 -62 -63 66 -65 -66 83 77 68 -70 -71 -72 107 -74 -75 -76 -77 -78 -79 79 -81 109 -83 88 84 -86 -87 -88 -89 96 -91 -92 -93 -94 95 -96 -97 -98 -99 -100 -101 -102 102 -104 104 -106 106 -108 108 -110 110 -112 -113 -114 -115 -116 -117 -118 -119 -120 -121 -122 123 124 -125 -126 -127
leaf_value=-0.070632799696265861 0.00080650045690091362 -0.027886381559543212 0.078802654042361628 -0.083672337808339908 -0.091473897912806773 0.033548324666679508 0.06838855085705968 0.012941410943800464 0.080087469796629507 0.071665690716824729 0.065333638935120494 -0.072589118633209868 0.020009452905908356 -0.02022649194427914 0.080499890748504652 -0.076760087469367022 0.0024227793762428085 0.049382043293090733 -0.053609033454159453 0.024531593099862675 -0.085530954410114227 0.039718611588725007 0.042053119209608018 -0.031036216100283266 -0.073308804730276664 -0.042200964014839019 -0.01120272076672027 -0.069822611506762153 -0.0030890823022983278 -0.063937564216689266 0.033598757318212623 0.07429196564990298 -0.094425079896352987 0.050136025437999998 0.042109365958221956 -0.04218410986596436 0.031575969566967475 0.077928339155310777 -0.0018344901113640892 0.029680108961898724 0.037250542352828521 0.015449364566032462 -0.0085739120365101121 0.053848664255245773 -0.031044475316427195 0.052882677291951043 -0.018125856966613382 0.07878701266557582 0.046122860040207422 -0.085944551174244446 0.015821580250526573 0.036625176506208577 -0.062342708112164372 0.044134676056458849 -0.015164855851216522 -0.030153284411503806 -0.00049649970731873783 -0.038464439031843267 0.043341027004447641 -0.038276892281150485 -0.045819522556223014 -0.05051992239719974 -0.022788414854951651 0.033867817288175513 0.049236527355129532 -0.043617399630139199 0.045499111491218339 0.017556314765192423 0.053574858977876151 -0.054833651858769122 -0.02753671278502863 0.04237820118303981 -0.037334750064138798 0.03607068090390126 0.074895351304229738 0.070211765070834292 0.017537788152388163 0.0037418045766288589 0.038782544884687048 -0.023605268567770728 -0.024474737480851688 0.037295660642046792 -0.026796484530994671 0.026264983153274437 -0.033596207677016897 -0.083445679745248622 -0.00085274520040767583 -0.0019321048762312378 0.029559326866339244 0.032954525716445103 -0.06210123352052549 0.0016555415521339414 -0.051275445606097994 -0.04642439651412697 0.011122839405163764 -0.089308741556708218 -0.012111486636641657 0.035147085412537402 0.051168602454925376 0.072414760702352018 0.0018892789744436205 0.0050378677840862262 0.038022822213475797 0.0047656248304031902 -0.029666801083055746 -0.021912074153833484 -0.053934038586255728 -0.018060425939150176 0.012436278619786717 0.016985072257112054 -0.016526476904107839 -0.00053837096622623675 0.028067202967917673 -0.071836747946781174 -0.038283454074958388 0.019994079882190645 -0.039591333428082132 -0.022115869362095211 -0.041055460453741588 -0.0019810192420466649 0.033300286841707515 0.059993408197145021 -0.031106096671071243 0 0.01713615279532613 0.055898071535894378
leaf_weight=30.224907882511616 370.96778032928705 137.83816960453987 857.53045010566711 287.23391056060791 754.28923308849335 164.25416827201843 225.06537233293056 4.8992760330438605 687.15355777740479 46.998722694814205 79.804942347109318 21.22227931022644 32.309258304536343 8.1167717725038511 157.60947144031525 31.749892204999924 30.153321623802185 104.36044520139694 106.43966361880302 63.524637937545776 144.27055484056473 31.410235062241554 76.488802492618561 87.407626986503601 51.551740258932114 17.772665359079838 10.387014299631121 44.831084102392197 37.415236994624138 175.6873167976737 31.110831417143345 180.9768705368042 216.65730237960815 16.566164575517178 31.67743194103241 9.7153855487704295 73.303968161344528 26.708806410431862 12.03978346288204 43.990690231323242 17.618936091661453 19.234662353992462 20.712980166077614 41.482273548841476 20.739061616361141 30.331416755914688 33.383845463395119 51.913058996200562 52.499479621648788 60.689591944217682 23.636486358940601 54.277274213731289 11.563565529882906 19.500518068671227 19.419964358210567 63.286184430122375 95.298211634159088 18.87836629152298 21.979616090655327 21.907345339655876 37.36421662569046 41.952733136713505 33.115802891552448 13.49172870069742 38.740570843219757 45.641154259443283 18.260076195001602 31.027814961969852 128.22029738873243 55.26342985033989 9.649579353630541 10.352331601083277 39.028800383210182 21.254666678607464 43.633370742201805 14.588595137000082 76.672017097473145 54.094159729778767 57.501384899020195 13.07397574931383 26.634989701211452 30.459419384598732 25.772446826100349 12.493348635733129 18.416484758257866 281.69353443384171 9.0231650918722135 16.35207637399435 21.110856428742409 25.856791019439697 65.130117066204548 18.524630889296532 74.952112078666687 40.015752598643303 14.927930027246473 20.151353076100349 21.873449072241783 29.394559688866138 40.780688226222992 11.21686416864395 17.596937999129295 74.226800359785557 19.559156954288483 17.965895280241966 58.592832133173943 59.540339097380638 55.72134792804718 28.711641803383827 57.899181544780731 50.632697120308876 38.885430537164211 23.683484956622124 12.203943796455858 32.545221142470837 77.358185783028603 11.77233152091503 54.5951137393713 14.327018573880194 26.125824369490147 46.165781050920486 15.460017457604406 43.531571291387081 7.7312362566590336 5.2622772231698027 17.776975996792316 39.891259670257568
leaf_count=205 4444 51 32 20 63 20 1401 49 41 105 755 18 336 81 28 59 62 37 75 50 60 75 67 50 44 97 60 50 99 1726 276 123 87 89 28 112 643 65 119 432 62 170 87 266 172 40 46 40 91 44 281 658 136 128 225 86 56 38 268 260 70 270 333 80 43 467 165 281 1098 152 103 126 358 258 181 132 99 410 679 129 296 78 160 133 177 1358 24 175 96 54 662 209 848 232 50 56 99 341 446 44 72 891 238 215 697 386 329 333 597 607 460 60 126 273 835 106 436 167 310 553 77 527 92 56 215 482
internal_value=0.00120131 0.0222972 0.0470268 0.0335665 -0.0619754 -0.0463254 0.00271234 -0.00308327 0.0529335 0.0351869 0.0109307 0.0444928 -0.022708 -0.0117281 0.0446894 -0.0567381 -0.0486668 -0.0284133 -0.0634923 -0.0371228 -0.0560236 0.037158 0.024403 0.00175636 -0.0273735 0.0505451 -0.0290286 -0.0133486 -0.00062325 -0.0430866 -0.0302789 0.0597769 -0.0812011 0.029923 -0.0029575 0.00374351 0.0070602 0.0305218 -0.000878603 0.0242727 0.037285 -0.00727766 -0.0277732 0.00962622 -0.00118935 0.0171295 0.0100169 0.049997 0.0410882 -0.0623013 -0.0147606 0.00169271 -0.00184479 0.0249992 -0.00222598 -0.046413 -0.0152235 -0.00137843 0.00195706 -0.00201302 -0.0244806 -0.0304993 0.0135362 -0.0050829 0.0264344 -0.0208158 0.00286487 0.0475193 0.0409475 -0.0425623 0.0239689 0.0177779 -0.0200067 0.00281706 0.0573065 0.0368702 0.0294592 0.0148249 0.0121198 0.0269871 0.00541001 0.0145111 0.00626198 -0.0300742 -0.00917954 -0.080181 -0.0551343 0.0299081 -0.00488636 0.0118463 -0.047947 -0.0379952 -0.0471623 -0.0457546 -0.0396435 -0.0620944 0.00844734 0.0163711 0.0371543 0.0390365 0.0261875 0.0185556 0.0122982 -0.0276114 -0.0215649 -0.0445755 -0.0377663 0.00691049 0.00217875 -0.00391402 0.00235113 0.0159631 0.00171445 -0.0623873 -0.032014 -0.00852234 -0.0329712 0.00117592 -0.0219952 -0.0141192 0.0154787 0.0390569 0.0335506 0.053621 0.00170402 0.0406056
internal_weight=8715.54 6534.33 2887.12 2029.59 2181.21 1426.92 3647.21 3203.62 1742.36 1055.21 1869.09 443.586 1334.53 868.436 917.367 1262.67 941.725 399.378 542.347 219.25 295.017 759.758 487.278 259.195 150.747 422.364 479.686 248.667 203.836 466.09 290.403 272.48 323.097 197.298 99.195 1563.26 1326.4 91.5029 908.185 418.216 179.526 126.896 101.823 388.75 228.551 90.5122 64.7941 228.083 176.17 155.726 236.857 841.55 690.309 160.199 138.011 95.0361 182.706 60.1808 602.187 486.421 67.5175 76.1835 152.368 34.2308 102.013 95.7857 105.47 305.835 226.03 75.9764 97.8102 151.24 70.6527 392.222 89.0133 46.8979 129.171 72.3542 230.719 70.5754 160.144 118.717 88.2573 76.551 30.9098 320.942 39.2481 88.1606 68.7568 63.272 163.506 98.376 79.8514 231.019 170.852 60.1671 42.9843 67.3581 71.8085 45.38 34.1631 115.766 93.786 88.1223 76.5587 155.924 115.262 96.9632 86.6108 116.153 89.5181 41.3024 31.6239 40.662 98.8459 21.4877 66.6349 37.9635 94.199 68.0731 25.847 187.497 138.703 48.7938 25.5082 113.195
internal_count=35500 33128 989 957 2372 2309 32139 30037 937 896 20566 2102 9471 4754 845 2289 702 301 401 239 264 817 508 173 204 2084 2029 622 572 4717 2991 309 162 683 160 17708 15157 186 10539 4618 586 1223 376 2725 1898 200 121 335 295 189 2551 9984 8270 827 1498 145 106 160 7222 5825 132 522 1376 252 196 947 908 2858 2103 239 1005 1714 709 4702 386 468 190 575 2603 808 1795 561 483 777 310 1587 229 902 355 153 1768 1106 897 1407 1119 288 195 789 727 205 161 1397 1129 1048 912 1069 715 1056 930 1363 1067 122 351 354 1053 218 555 448 1123 813 137 2015 1432 583 307 1125
is_linear=0
shrinkage=0.05


Tree=5
num_leaves=127
num_cat=0
split_feature=8 5 3 5 3 3 2 5 1 1 7 7 4 5 5 3 5 8 5 8 3 3 3 2 4 8 1 1 5 5 7 2 5 5 5 3 4 2 7 7 7 3 2 3 4 8 1 5 4 5 7 5 8 7 5 2 2 2 3 3 2 1 2 2 7 3 8 7 1 4 3 3 1 3 7 4 2 2 5 2 8 5 7 3 2 4 4 3 7 2 5 7 5 2 1 5 5 2 7 5 3 3 2 5 5 2 5 3 8 1 5 1 2 8 1 3 4 2 5 4 3 5 5 3 3 2
split_gain=3804.02 1661.13 1469.47 480.955 420.056 382.66 479.384 380.635 270.284 217.217 144.339 99.8024 77.1399 110.337 72.9669 79.7322 69.4467 68.4377 60.3915 60.1032 63.792 57.9872 55.0703 48.4927 45.7893 38.5352 37.8922 35.2428 33.7188 31.6118 31.077 40.7947 29.5683 26.0377 26.2606 24.1201 42.6737 21.7875 17.7842 29.9939 25.8503 17.6839 17.5791 17.4475 16.8648 15.7706 15.3608 14.9746 13.5207 17.1535 13.2109 12.4167 12.1024 11.9128 15.7124 11.4232 15.3645 11.2494 28.419 10.9262 23.8547 10.7217 26.7221 16.3052 9.7234 9.32924 9.00702 8.4226 7.92949 8.25432 7.05181 7.00953 6.64164 6.38627 10.1559 6.28015 6.22072 5.55519 4.78339 4.70408 13.4428 5.71273 4.67933 4.58775 4.53301 7.5545 4.27652 4.25941 4.15389 9.04424 4.15061 3.81709 3.69106 5.26963 5.26364 3.49014 3.321 3.27071 3.25981 3.22913 3.13763 2.81459 2.68467 2.7032 2.61848 2.55637 2.49951 2.43717 2.38517 2.23287 2.25886 2.16806 3.32222 2.07903 1.79101 3.33003 2.60839 2.65922 3.77801 1.81921 1.77369 1.74499 1.65596 3.86088 1.55386 1.52138
threshold=-1.4999999999999998 2180.5000000000005 51325.000000000007 10634.500000000002 51325.000000000007 51325.000000000007 54385.500000000007 -1336.4999999999998 22104.000000000004 44716.500000000007 5.5000000000000009 8.5000000000000018 193946.50000000003 -5489.9999999999991 -9869.9999999999982 42192.000000000007 -8685.4999999999982 2.5000000000000004 23.500000000000004 1.0000000180025095e-35 42192.000000000007 24298.500000000004 37730.500000000007 47926.000000000007 179318.00000000003 1.5000000000000002 30096.000000000004 26643.000000000004 4340.0000000000009 -4017.4999999999995 6.5000000000000009 39484.000000000007 13643.500000000002 -5299.9999999999991 -7842.4999999999991 37730.500000000007 162168.50000000003 29582.500000000004 5.5000000000000009 3.5000000000000004 7.5000000000000009 12906.000000000002 21557.000000000004 29069.500000000004 129577.50000000001 -2.4999999999999996 7634.5000000000009 -587.49999999999989 51324.000000000007 -2755.4999999999995 6.5000000000000009 7557.0000000000009 -1.0000000180025095e-35 2.5000000000000004 1135.5000000000002 39484.000000000007 32674.500000000004 47926.000000000007 37730.500000000007 34238.500000000007 44324.500000000007 33973.500000000007 37849.000000000007 24645.000000000004 4.5000000000000009 29069.500000000004 1.5000000000000002 6.5000000000000009 20114.500000000004 96363.500000000015 23970.000000000004 11959.000000000002 30096.000000000004 33076.500000000007 4.5000000000000009 99310.500000000015 5773.5000000000009 1782.5000000000002 -3501.4999999999995 32674.500000000004 -5.4999999999999991 -10921.499999999998 1.0000000180025095e-35 1369.5000000000002 30671.500000000004 129577.50000000001 90902.000000000015 6743.5000000000009 4.5000000000000009 28552.500000000004 1834.5000000000002 5.5000000000000009 -2755.4999999999995 19566.500000000004 18812.500000000004 6294.5000000000009 -3893.4999999999995 20502.000000000004 1.5000000000000002 3416.5000000000005 1369.5000000000002 23970.000000000004 25304.000000000004 8399.0000000000018 1834.5000000000002 4943.5000000000009 244.50000000000003 478.50000000000006 -3.4999999999999996 11139.500000000002 -158.49999999999997 15760.500000000002 19372.500000000004 -2.4999999999999996 16785.000000000004 21238.500000000004 90902.000000000015 18510.500000000004 6823.0000000000009 79515.000000000015 238.50000000000003 2552.5000000000005 -6648.9999999999991 19705.000000000004 19356.500000000004 11865.500000000002
decision_type=2 2 2 2 2 2 2 2 2 2 2 2 2 2 2 2 2 2 2 2 2 2 2 2 2 2 2 2 2 2 2 2 2 2 2 2 2 2 2 2 2 2 2 2 2 2 2 2 2 2 2 2 2 2 2 2 2 2 2 2 2 2 2 2 2 2 2 2 2 2 2 2 2 2 2 2 2 2 2 2 2 2 2 2 2 2 2 2 2 2 2 2 2 2 2 2 2 2 2 2 2 2 2 2 2 2 2 2 2 2 2 2 2 2 2 2 2 2 2 2 2 2 2 2 2 2
left_child=5 2 7 4 11 6 10 8 16 17 23 21 13 30 15 38 88 18 22 20 33 28 24 59 47 53 43 37 46 -21 31 -12 35 34 -16 36 42 -23 39 -10 -40 95 -5 -15 70 -32 105 52 49 82 64 55 -9 54 83 56 -29 58 -13 60 79 62 63 75 71 91 67 102 69 78 -35 -50 86 74 77 97 -51 -54 -66 81 -81 -1 -18 106 85 101 -48 90 -2 -90 100 109 94 -94 98 -30 -84 104 -73 -88 -56 -44 103 114 -55 -3 -20 -108 -82 120 -111 -105 -113 -83 125 116 117 118 119 -116 -49 -107 -96 -124 -79 -43
right_child=1 3 -4 32 -6 -7 -8 9 14 -11 12 57 -14 26 19 -17 48 -19 25 29 -22 27 -24 -25 -26 -27 -28 51 41 -31 45 -33 -34 44 -36 -37 -38 -39 40 -41 -42 66 84 -45 -46 -47 72 65 50 76 -52 -53 73 61 87 -57 -58 -59 -60 -61 -62 -63 -64 -65 68 -67 -68 -69 -70 -71 -72 92 -74 -75 -76 -77 -78 124 -80 80 108 113 96 -85 -86 -87 99 -89 89 -91 -92 -93 93 -95 122 -97 -98 -99 -100 -101 -102 -103 -104 111 -106 121 107 -109 -110 110 -112 112 -114 -115 115 -117 -118 -119 -120 -121 -122 -123 123 -125 -126 -127
leaf_value=-0.085310904011698732 -0.078383581046274714 0.049468206245780889 0.061934370793302509 0.066158087107554164 -0.013111523402149806 -0.088751885259871585 0.035377103700383231 0.045098020540442686 0.0096326841582868722 -0.092350834540609439 -0.0505258737828298 0.023631151110290988 -0.061255198610753514 0.0024784468120862212 -0.0058745609478556716 0.060132739736683899 -0.070308475552103511 0.060420137703660483 0.0068484817481918288 -0.025156044190424706 -0.093961850759713764 0.0033715438763306177 -0.1071851226237835 -0.014524286612172222 0.079430213519318296 -0.061838086494399959 0.025086524603941909 0.022303111361164207 0.051888609335254278 0.031055832087219376 -0.038852527358616176 0.02297313002077914 0.075071942984971732 -0.0007154131765694441 -0.068448956087783661 0.076395155787678318 -0.021952401432484035 -0.070306254364169443 0.033194598831006138 -0.06845029249695149 -0.019970211986178567 0.010609853783638276 0.019907336528556519 -0.05273721973801411 0.024204919198463203 -0.070541577035805672 0.021444111515222544 0.0091653989736307333 0.0028714892949182279 -0.048655443335132761 -0.08361739294383061 0.044016710735436018 -0.043537786035680773 -0.0090251727087565254 0.04686120356810422 0.028522762521297748 -0.0274038575262124 0.078295989080358258 0.077210759984499916 -0.092848187254063755 -0.0033548573068160753 0.049761592091452041 -0.090470107137828507 0.036078833375099414 -0.033573201261609141 0.048524214323474056 0.060907895333349497 -0.0017289826895675979 -0.039382276263214742 0.045072518014087182 -0.043286706934147406 -0.019853315613279264 0.069913251172219776 -0.06812258893007514 0.01595910862631748 -0.040172955509568016 -0.028471278177873417 -0.020155993305634719 0.012964552852880187 -0.037199702643935337 -0.062836125228190473 -0.07786931820980425 -0.059423240123714638 0.0043748284339482253 0.050936281382140104 -0.0068242001027084458 -0.015210481983751845 0.008833998850782206 -0.019470053306368529 -0.080046207446650128 0.047411943761008914 -0.046895772763900563 -0.013531881648892389 -0.056660588264326933 -0.004204588986902325 0.066187939238943977 -0.040403143057590553 0.022361196910873571 -0.053038308897434751 0.017858102290118066 0.02123453303324719 0.052214722511996547 0.061629576660307377 0.018081117261562332 0.011409631410701893 0.014159436690580205 0.033366937736747114 0.015010386274084075 -0.092255733649026256 0.015681883771757343 -0.0165529203403736 0.062455022766358219 0.021924184622402851 -0.055496624264402494 0.012885821010520875 0.048287963610462725 -0.0032527079356669537 0.045535133230095372 0.036613281313664668 -0.019407194038451581 -0.0086630618628378633 0.037966587594994328 -0.0062918764691097268 -0.053199378986116222 -0.046711836764590224 0.04286285473254399
leaf_weight=190.80729019641876 262.09308277070522 74.172574184834957 641.39515566825867 106.7219979390502 445.00619101524353 750.74413418769836 165.44599688053131 5.3804628103971472 22.543066337704659 63.321431159973145 42.95233528316021 43.286858581006527 252.89610266685486 27.485862404108047 26.456922680139542 61.893631160259247 96.489554464817047 46.975980363786221 51.903152696788311 44.681905493140221 44.726428687572479 21.823487743735313 14.251717329025267 32.170204043388367 12.732516288757322 17.6518280133605 101.02256175875664 30.848501741886139 114.79898084700108 54.235821038484573 72.119238406419754 32.191496551036835 870.59757422655821 17.52670905739069 46.673785269260406 99.783552050590515 20.411025941371918 17.251399829983711 42.638311550021172 25.254548028111458 46.990140825510025 5.5464400947093955 16.954802021384243 28.281814426183701 29.999232888221741 104.3122274428606 155.51723476499319 13.81958321481943 9.4183258265256864 88.463830299675465 13.519226543605326 46.364281982183456 37.893574275076389 87.255593605339527 15.08256148546934 61.435611248016357 29.347453474998474 171.54770183563232 62.024251818656921 122.50708062946796 11.931007862091063 9.0127056241035444 7.3864389061927787 26.541549488902092 11.006438560783865 6.793984428048133 39.655402064323425 15.059448413550852 15.1081106364727 7.8058041334152213 21.665123239159584 10.308595754206179 5.6789813637733451 7.6893468499183646 14.568842820823191 11.398719519376753 81.377715229988098 139.43516653031111 9.267598785459997 34.862442195415497 29.163425594568253 34.569743134081364 102.62727323919535 215.62623534351587 22.896144360303879 14.394781917333601 14.926457419991495 25.271343983709812 12.879486173391344 13.172177568078039 33.792917795479298 4.9048510715365401 28.423694007098675 9.1602865606546384 8.8015698716044444 137.61024307459593 46.130838871002197 10.743621826171873 93.465252354741096 12.759626045823095 77.454897336661816 14.376318633556364 11.58071732521057 7.6937589570879927 17.97456531226635 12.335297815501688 27.776866547763348 64.3286984115839 28.128651857376099 20.095161959528927 6.2876743376255027 22.484540566802028 8.9089119061827642 46.158244706690311 8.3766376227140444 9.5998159795999509 12.271902725100515 8.8360620662569982 9.4507361575961095 7.100175939500331 221.04563865810633 41.484626241028309 8.8559089750051516 8.976572282612322 5.7786160111427298 29.448151990771294
leaf_count=1059 2224 859 38 1000 27 61 20 8 78 9 90 92 50 83 57 30 1020 64 621 53 23 92 7 10 4 38 96 69 1258 72 74 29 2447 72 93 20 16 26 60 57 48 56 86 28 38 86 1580 165 97 979 47 69 449 858 184 34 35 19 28 127 6 7 6 75 82 10 251 85 69 31 66 106 10 8 71 49 861 1495 67 46 53 125 1052 2413 35 28 82 277 71 29 389 26 274 61 53 1524 477 71 860 71 877 48 44 80 185 123 335 777 49 162 52 195 52 227 84 53 78 56 85 51 2561 431 59 53 33 297
internal_value=-0.00203467 0.0175697 -0.00613793 0.0456133 0.0285715 -0.0600993 -0.0441903 -0.0220749 -0.0400087 -0.00272988 -0.0552627 0.0434227 -0.0395609 -0.0259969 -0.00967962 0.0134874 -0.0556783 0.00185116 -0.000466794 -0.0258353 -0.0424363 0.0358042 -0.0135273 -0.0747216 -0.0106184 0.00907078 0.00688098 0.0122223 0.0421541 0.0056168 -0.0464534 -0.0190852 0.0703225 -0.0256663 -0.0462631 0.0561089 0.0454071 -0.0299748 -0.00776707 -0.0320784 0.00535354 0.0510218 0.0533565 -0.0258711 -0.00347649 -0.0579083 0.0294684 -0.0131581 -0.0464529 -0.0519954 -0.0364252 0.022186 -0.0231472 0.0110025 0.0148117 0.0135326 -0.00190072 0.0699366 0.055664 -0.0785624 -0.0736557 -0.000422196 -0.00354636 0.00114997 -0.0331462 -0.00537076 0.0392734 0.0334024 -0.0113708 0.00436454 -0.0248646 -0.0383257 0.0201798 -0.0251693 -0.0231388 -0.00631382 -0.0392369 -0.0263465 -0.0124555 -0.0759327 -0.0636224 -0.0798435 -0.0606156 0.00905573 0.0327113 0.0225837 0.0182399 0.0282846 -0.0762139 -0.05211 0.0320364 -0.00694172 -0.0406683 -0.0253692 -0.0448128 0.0599346 -0.0538675 -0.00262818 -0.0500105 0 0.0259212 0.0360427 0.0371677 0.0344908 -0.00541305 0.0428743 0.0159515 0.0208989 -0.0787009 -0.00599657 0.007493 0.0461784 0.0521393 -0.0659739 0.0289466 0.0223857 0.0159662 0.022988 0.0133549 -0.00190425 -0.00755842 0.0329591 -0.0233035 -0.0317409 -0.0215592 0.0383266
internal_weight=8352.33 6244.58 3384.21 2860.37 1694.23 2107.75 1357.01 2742.81 1422.64 1320.18 1191.56 1249.23 661.262 408.366 485.286 199.32 937.351 1256.85 1209.88 285.966 187.048 972.367 510.677 530.298 496.425 699.202 156.79 207.071 765.297 98.9177 251.575 75.1438 1166.14 142.322 73.1307 295.539 195.755 39.0749 137.426 47.7976 89.6285 448.422 175.344 55.7677 69.1911 176.431 316.875 483.693 649.207 415.089 234.117 167.996 210.746 681.55 511.237 121.632 60.196 276.859 105.311 498.128 375.621 170.313 161.3 153.914 220.598 272.947 196.013 156.357 43.188 28.0798 39.1918 177.41 188.882 205.366 197.676 127.373 169.842 183.107 20.274 363.69 92.1545 271.535 245.248 359.635 68.622 45.7259 183.203 151.602 288.145 26.0517 126.33 266.153 167.992 37.584 130.408 252.409 148.758 115.974 103.774 27.6861 92.5375 31.3311 141.298 129.717 105.23 127.992 144.009 92.1056 57.2921 261.248 26.3828 39.0872 31.3935 80.728 90.6299 55.6353 46.0355 33.7636 24.9275 15.4768 234.865 53.8199 26.6341 17.8325 145.214 34.9946
internal_count=35538 33219 21643 11576 7896 2319 2258 21605 9319 12286 2238 7869 536 486 747 273 8572 12277 12213 474 349 7730 5051 1702 5044 7162 207 325 7405 125 279 119 3680 326 150 1233 1213 118 243 135 108 4249 1197 111 176 160 3156 5040 6248 4389 1859 207 2064 7124 5873 138 104 139 120 1692 1565 1251 1244 1238 1812 2976 1467 1216 249 180 138 1563 1743 2056 2048 1163 1840 1977 149 1559 148 1411 2549 4146 197 162 1733 1727 2324 100 1450 2966 1466 335 1131 2782 1529 1114 966 153 1061 134 1131 1087 1043 1413 1733 1112 102 2940 214 327 247 352 760 407 354 276 220 135 2726 554 165 112 1528 353
is_linear=0
shrinkage=0.05


Tree=6
num_leaves=127
num_cat=0
split_feature=8 5 2 5 6 5 0 5 5 7 8 0 4 7 8 7 2 5 5 6 0 6 8 7 5 5 5 0 0 5 0 0 7 7 0 8 8 2 4 0 4 5 7 2 5 0 6 2 0 6 8 4 2 6 2 4 0 5 2 2 6 2 7 5 7 5 0 2 4 5 2 7 6 4 7 5 5 2 0 0 4 7 4 7 2 0 6 6 4 2 5 5 4 5 5 2 7 2 5 2 2 4 6 0 2 5 0 2 4 0 6 7 7 5 8 5 5 7 0 8 2 4 0 5 4 2
split_gain=3464.68 1525.25 1068.68 454.491 413.599 410.377 219.849 154.541 343.982 187.3 156.187 356.23 132.321 167.387 101.19 96.3781 91.1227 65.036 64.5089 61.1982 86.1612 54.0612 36.8903 41.3685 33.283 33.1761 29.3117 30.2366 41.3691 28.5825 27.0942 25.7556 25.017 65.9804 24.8408 23.5453 41.6357 22.8503 53.1487 21.9938 21.1814 21.0256 16.0696 14.7272 14.2992 16.193 13.1197 13.0016 61.8999 19.262 22.2205 15.0102 12.304 11.4305 11.0364 11.0733 11.0068 9.92843 9.56396 9.52373 8.22423 21.7195 7.65532 6.55604 8.1445 6.52993 10.9047 6.38106 5.89256 5.45832 4.87771 4.863 4.84869 10.8285 7.99835 4.58037 4.30639 4.29671 3.96413 3.82699 3.77907 3.74579 3.665 3.56083 3.64627 3.49318 3.47391 3.38584 3.37163 3.24477 3.20016 2.80904 2.80326 2.96831 2.75079 2.64504 2.36557 2.35354 2.3448 2.3014 2.26372 3.32586 2.19635 3.5483 2.15937 3.10409 2.80633 2.15777 2.1067 2.09971 5.82842 2.0656 2.04778 2.01169 1.97242 3.93372 1.95207 3.46787 1.8463 1.77615 6.4728 2.20536 2.04374 2.05168 1.77781 1.67317
threshold=-1.4999999999999998 2180.5000000000005 54385.500000000007 10634.500000000002 9.5000000000000018 -1336.4999999999998 24436.500000000004 9797.5000000000018 1000.5000000000001 7.5000000000000009 -5.4999999999999991 49386.000000000007 193946.50000000003 5.5000000000000009 -1.0000000180025095e-35 8.5000000000000018 44324.500000000007 -482.49999999999994 -8386.4999999999982 8.5000000000000018 29346.500000000004 3.5000000000000004 2.5000000000000004 8.5000000000000018 3503.5000000000005 4109.0000000000009 -8386.4999999999982 29346.500000000004 38358.000000000007 13643.500000000002 40242.500000000007 38358.000000000007 3.5000000000000004 4.5000000000000009 40242.500000000007 3.5000000000000004 1.5000000000000002 37849.000000000007 150639.50000000003 40242.500000000007 138702.00000000003 1000.5000000000001 4.5000000000000009 7927.5000000000009 -2755.4999999999995 12945.500000000002 7.5000000000000009 39484.000000000007 40242.500000000007 5.5000000000000009 2.5000000000000004 129577.50000000001 21557.000000000004 6.5000000000000009 6627.5000000000009 124658.00000000001 33539.000000000007 -12411.999999999998 5773.5000000000009 28552.500000000004 6.5000000000000009 26039.000000000004 6.5000000000000009 23.500000000000004 1.5000000000000002 -11269.999999999998 35566.000000000007 16550.500000000004 111940.50000000001 1834.5000000000002 21131.000000000004 3.5000000000000004 4.5000000000000009 97286.000000000015 2.5000000000000004 6294.5000000000009 6823.0000000000009 1649.5000000000002 23113.500000000004 25954.500000000004 38110.500000000007 4.5000000000000009 69237.500000000015 3.5000000000000004 21131.000000000004 2289.5000000000005 6.5000000000000009 4.5000000000000009 18171.500000000004 4943.5000000000009 -893.49999999999989 -7104.9999999999991 72218.000000000015 -4968.9999999999991 -4338.4999999999991 1298.5000000000002 4.5000000000000009 5860.5000000000009 272.50000000000006 16550.500000000004 7927.5000000000009 19575.500000000004 1.5000000000000002 10573.500000000002 16550.500000000004 1580.5000000000002 15026.500000000002 17414.500000000004 81614.000000000015 19975.500000000004 4.5000000000000009 5.5000000000000009 2.5000000000000004 -4634.4999999999991 1.0000000180025095e-35 6448.5000000000009 9072.5000000000018 6.5000000000000009 21773.500000000004 1.0000000180025095e-35 18174.000000000004 67578.500000000015 14302.500000000002 3140.5000000000005 56586.500000000007 15611.500000000002
decision_type=2 2 2 2 2 2 2 2 2 2 2 2 2 2 2 2 2 2 2 2 2 2 2 2 2 2 2 2 2 2 2 2 2 2 2 2 2 2 2 2 2 2 2 2 2 2 2 2 2 2 2 2 2 2 2 2 2 2 2 2 2 2 2 2 2 2 2 2 2 2 2 2 2 2 2 2 2 2 2 2 2 2 2 2 2 2 2 2 2 2 2 2 2 2 2 2 2 2 2 2 2 2 2 2 2 2 2 2 2 2 2 2 2 2 2 2 2 2 2 2 2 2 2 2 2 2
left_child=7 2 5 4 15 6 18 8 10 24 11 32 13 65 -7 21 17 39 82 20 62 25 23 26 -10 43 27 57 -29 37 -21 40 -1 -34 35 36 41 38 52 42 81 60 77 89 45 88 53 48 49 50 51 68 -5 -17 69 78 59 -8 -46 -51 61 63 -15 125 95 -12 70 76 71 85 -67 -23 73 83 107 96 80 -16 87 114 -27 -28 -2 84 92 -43 -83 102 -20 -3 118 -76 93 99 -90 98 -69 -97 -65 -47 101 -92 112 -104 106 -106 -105 -74 113 110 -60 -78 -56 -85 115 -73 -77 -118 -79 120 121 122 124 -124 -45 -19
right_child=1 3 -4 29 -6 14 22 -9 9 -11 12 -13 -14 19 16 46 -18 34 44 30 -22 47 -24 -25 -26 67 31 28 -30 -31 -32 -33 33 -35 -36 -37 -38 -39 -40 -41 -42 54 -44 119 58 72 -48 -49 -50 56 -52 -53 -54 -55 55 -57 -58 -59 109 -61 -62 -63 -64 64 -66 66 -68 75 -70 -71 -72 79 74 -75 91 116 111 90 -80 -81 -82 86 -84 108 -86 -87 -88 -89 94 -91 100 -93 -94 -95 -96 97 -98 -99 -100 -101 -102 -103 103 104 105 -107 -108 -109 -110 -111 -112 -113 -114 -115 -116 -117 117 -119 -120 -121 -122 -123 123 -125 -126 -127
leaf_value=-0.085600210480766867 -0.078678457705159563 0.047202188617304977 0.051156431444799345 0.064037570396465335 -0.014517115565854721 -0.062841308057277945 -0.043783960439798569 -0.081843064062566639 -0.00036686798783821617 0.064209636377248358 -0.082945865769472132 0.052889409943194444 -0.09070865590476461 -0.030378708561096746 -0.037330484257198454 0.035315491138667048 0.059065591460215339 -0.0042382155308861294 -0.075078905872282151 -0.023945804983446214 0.030873664053533308 -0.010057932994185703 0.034365487953825553 -0.053017267932718853 -0.055511999979025221 0.057052288277224132 -0.041411541323641846 0.043103438540215977 -0.013291778416715083 0.073027741965405235 -0.061636203121383362 0.0042877702409369334 -0.0012427450282646944 -0.07453694197546952 -0.066294270808170061 0.063156310253515924 -0.070746324641910163 0.072914676670653558 -0.022293985901472954 -0.09115390300581562 -0.07699312370398087 0.036790223807057598 0.019458532026407148 0.015065949342030033 -0.046249518864922991 -0.060066822287608249 0.076642672273355472 0.034052705971904032 -0.050500610064426271 0.047745686672369544 -0.034548782387967457 0.062669175816508951 0.03320412611495821 0.070306194843330505 0.0059333936939091111 0.061325176827019615 0.07912350615153696 0 -0.025003316334557824 0.003780021427531552 -0.044671901157887085 0.059290767750621864 -0.070581065377627053 0.0068599875602196134 -0.0078353116001902423 -0.078783194645571417 -0.09377938037335809 8.8492692808901549e-05 -0.018288663239154821 0.045207822526495606 -0.04339103010519299 0.035464202806754878 -0.034593993308412972 0.027198042718939643 -0.026829498601102775 0.053204561928094724 0.064457992937278122 -0.023940032396290792 -0.024687569228776865 -0.006322705572179706 0.040423667484882082 -0.010864559194338451 -0.063942766299168619 -0.020593488906489307 -0.0064583491940667544 0.016717670196300428 -0.034461857974736332 0.039021760816301175 -0.059928808487949806 0.030153937381753232 -0.01001227792897956 -0.063129628064321416 -0.070524514644387318 -0.021094948689995147 -0.045765272167713693 0.0031782256906104666 0.030278448801234755 0.020896544350275756 0.02124204989964612 -0.022393190343055629 -0.00022760126087482472 -0.03651070476461777 0.028302341358912089 0.0029601790546998456 0.037080059856310958 -0.0068604375194649507 -0.029757561666062984 0.0016304574342962568 -0.034282866273678499 -0.042666398896386924 0.015964009296382444 0.04154716167989711 -0.02097776766728169 0.012348767844530891 0.04991906169845902 0.00067388912815731907 0.047477899866440652 0.0040000760463661271 -0.055914851006510981 0.040198248122094507 -0.014225778151074731 0.03937644096831068 -0.023975624059943627 0.014436202771798624 0.039954934539568665 -0.023503424687323127
leaf_weight=79.070455119013786 166.80942595750093 70.585335426032543 659.5813319683075 104.82450193166733 435.56972789764404 59.841796740889549 31.131226852536201 501.10103484988213 47.716062366962433 90.353634119033813 257.58295217901468 95.084112644195557 397.62950801849365 27.271548852324486 45.022503212094307 53.757521636784077 67.946852624416351 213.31798379123211 33.240436635911465 84.779062107205391 78.876271575689316 12.699462741613386 40.214291840791702 60.855634212493896 63.7715068385005 81.05488245934248 25.886801600456238 72.883616507053375 57.235057264566422 850.74970641732216 115.93822640180588 58.927372694015503 47.24240206182003 87.653776407241821 10.726375401020048 17.276780463755131 16.429951667785645 106.51760959625244 26.037343859672546 10.245899140834807 24.175390213727951 30.710010342299938 23.423922672867775 67.000208683311939 88.464035995304585 16.736647248268127 176.03951188921928 77.974185705184937 34.265418529510498 30.938421025872231 22.272560767829418 15.990078419446943 53.465641707181931 48.477135390043259 11.988153807818891 7.5967615544795981 15.608063727617262 21.982757061719894 110.86310233920813 20.77444663643837 8.1711930707097036 15.685532569885252 25.674738869071007 52.762290380895138 88.213273994624615 15.020402662456034 24.80364978313446 9.7280094698071498 13.631760805845259 34.958063155412674 52.137039318680763 20.898053847253323 6.1301780343055716 7.1436909139156333 9.1990389972925168 40.649607136845589 127.47254335135221 83.303781643509865 11.122373647987841 8.3868516981601697 95.375494189560413 50.971680417656898 118.71267288923264 8.7281281128525752 7.7788458466529837 88.751754865050316 23.274683997035027 6.0707144290208808 131.56692951917648 65.697679713368416 43.89440118521452 40.501637361943722 9.7184446305036527 19.87342976778746 84.079962149262428 155.8156029060483 20.768943503499031 20.624459564685822 67.673053368926048 8.1451917216181737 27.12149304151535 16.386189617216587 15.103524990379809 20.470723897218708 7.2250069007277471 7.0392745062708855 8.3934498056769353 8.9318300262093526 9.7033775299787504 15.013681396842001 8.5937281996011716 20.202041298151016 14.438607566058634 7.7673014178872135 9.3306336402893049 13.454016365110872 10.583886213600637 8.3682913854718191 4.8163438886404029 6.0986211523413649 17.103623896837234 10.754919558763502 5.4946689829230291 6.4095219448208809 8.0656032264232618 11.139037221670149
leaf_count=163 1689 826 39 1000 24 35 86 49 60 24 1044 11 50 78 533 86 17 2458 373 82 84 106 61 45 70 915 86 98 43 2447 54 33 68 96 8 37 50 27 25 6 28 376 95 713 979 168 29 45 30 144 74 27 181 26 139 13 24 70 1143 47 20 35 64 632 837 117 27 79 43 405 178 144 59 29 68 239 1426 889 51 43 1028 145 727 76 50 991 59 46 1379 706 519 253 72 195 865 1807 132 217 819 81 256 161 176 204 55 51 85 64 61 88 74 209 163 69 62 93 79 47 19 42 94 99 58 67 90 83
internal_value=-0.00194587 0.0168497 -0.00586803 0.043951 0.0273897 -0.0197681 -0.0387814 -0.057566 -0.049868 0.0110545 -0.0587276 -0.027238 -0.0677029 -0.0541708 0.00013956 0.0420441 0.00317287 -4.52264e-05 -0.0529891 -0.0286238 -0.00207428 0.0345116 -0.0108298 -0.015165 -0.0321677 0.0423646 -0.00873846 0.00537304 0.0183467 0.0682949 -0.0459389 -0.0228294 -0.0629492 -0.0491032 0.00601238 0.00692108 0.0057844 0.0542311 0.0430722 -0.0224401 -0.0356556 0.00726852 -0.0191736 0.0280346 -0.0439266 -0.049577 0.0680017 0.0166127 0.0102322 0.021782 0.00928933 0.0199396 0.0539282 0.052476 0.0191012 0.00680555 0.0429051 -0.0260691 -0.0333567 0.0305851 0.00230893 0.00300127 -0.0509133 0.00144983 0.00541022 -0.0783098 -0.064518 0.0511622 0.0104823 0.027684 -0.0524199 0.0167996 -0.0366559 -0.0287864 -0.0475815 0.0382385 0.0546108 -0.0233685 0.0021338 0.0235103 0.0483698 -0.0249634 -0.0728137 -0.0336174 -0.0402056 0.0221818 -0.0186879 0.00570959 -0.0577021 0.0392997 -0.0195677 -0.0571712 -0.0447313 -0.0376022 -0.0546663 0.00937586 0.0211157 0.00538363 0.0150909 -0.0492691 -0.0124508 -0.0177752 0.0028348 0.0082663 0.000654041 0.0160395 -0.00706428 -0.0140373 -0.0168762 -0.0245591 -0.0219066 0.0616579 -0.00881634 -0.00497677 0.0293633 0.0223845 0.0464244 0.0296936 -0.0263516 0.0150798 0.013367 0.0183421 0.0152661 -0.00339025 0.018296 -0.00531647
internal_weight=8283.31 6191.61 3368.53 2823.08 1681.48 2708.95 1385.24 2091.71 1590.61 201.841 1388.76 309.051 1079.71 682.084 1323.71 1245.91 1263.87 1195.92 917.702 332.54 131.823 967.638 467.539 427.324 111.488 671.414 366.469 183.233 130.119 1141.59 200.717 183.236 213.967 134.896 941.704 930.978 913.701 290.845 184.327 254.215 124.309 897.271 243.969 257.21 632.18 409.245 278.274 296.224 218.25 183.984 116.663 94.3909 158.29 102.235 263.868 109.449 67.3209 53.114 222.935 51.7129 633.402 625.231 52.9463 609.546 385.089 349.544 91.9611 414.204 78.4008 154.42 67.1574 64.769 160.358 95.5951 64.7627 90.0987 324.105 220.545 101.852 52.0696 176.43 100.133 285.522 88.4514 62.2526 119.462 74.2464 90.7295 248.887 136.283 175.522 49.7007 54.4737 44.7553 215.647 296.875 30.497 176.44 120.435 24.8818 87.4021 60.2806 84.6587 58.232 43.1285 14.2643 28.8642 15.062 26.1988 134.471 119.457 147.675 26.4268 16.4954 43.6827 34.3521 59.6018 18.9522 88.1201 120.927 114.829 97.7249 86.97 11.9042 75.0658 224.457
internal_count=35538 33219 21643 11576 7896 21604 9316 2319 2270 154 2116 338 1778 1728 12288 7872 12253 12236 8562 362 226 7731 754 693 130 6849 648 297 141 3680 136 351 327 164 9758 9750 9713 1233 1206 2478 318 9663 2472 2695 6146 3862 141 882 837 807 592 518 1181 112 2755 983 215 156 2284 191 6908 6888 142 6853 4312 1366 322 4154 491 1772 295 448 1245 801 444 576 3578 2377 970 342 1943 290 2416 772 566 1367 204 919 2617 1532 1844 321 516 444 2244 3475 211 2024 1451 249 936 680 873 571 395 106 289 123 206 1305 1217 1635 302 145 299 237 365 126 908 1163 1121 1027 928 125 803 2541
is_linear=0
shrinkage=0.05


Tree=7
num_leaves=127
num_cat=0
split_feature=5 2 5 5 3 7 0 5 0 1 0 7 4 5 5 3 1 0 0 2 0 3 2 3 5 7 7 1 7 5 5 7 5 3 7 0 2 5 4 3 5 3 0 0 2 7 4 5 0 5 2 4 1 0 1 4 5 3 4 5 3 7 2 0 2 1 5 1 4 5 2 2 5 4 2 2 4 3 7 0 3 5 5 5 0 1 4 4 1 0 1 1 5 3 1 5 0 3 2 4 0 7 4 1 5 4 0 2 1 0 1 4 3 5 1 1 0 2 0 0 0 1 3 1 0 0
split_gain=1687 1014.63 770.005 370.866 535.252 216.407 349.675 130.661 127.996 145.516 114.787 93.5994 111.606 74.3698 64.5554 46.0514 45.6705 44.4949 51.9438 44.0364 84.8417 43.0462 43.7353 67.1411 42.0472 39.4049 34.6134 34.3206 34.108 31.7697 29.21 28.0519 42.7294 26.9438 25.5204 38.8611 24.8913 36.7828 23.0469 22.771 21.7027 17.4771 16.9931 16.0175 15.1071 14.03 14.2174 14.0507 13.5261 12.3766 11.6908 11.4024 9.93704 8.65521 11.8413 8.32739 8.11329 7.42874 11.0497 6.82171 6.6743 12.1226 6.63278 8.85292 6.61353 5.93073 5.75004 5.71301 8.91821 5.46454 5.46282 9.2748 13.7918 7.43768 7.91449 7.7832 5.43094 5.3327 4.64714 4.6441 4.59748 4.33718 4.19373 4.18469 4.10311 6.31949 3.81957 3.70532 3.60365 8.44236 4.01658 3.55094 3.52222 3.46423 3.30223 3.23858 3.22079 5.1308 3.36226 3.03825 4.09121 2.6046 4.92103 2.58258 2.53186 4.86575 2.40602 2.19331 2.1777 3.18274 2.07173 2.26946 2.05744 2.28991 1.92312 1.88262 1.71016 1.68132 1.65218 1.61723 1.9473 2.4692 1.58645 4.15377 1.53791 1.51986
threshold=-1336.4999999999998 54385.500000000007 30415.000000000004 2404.0000000000005 51325.000000000007 8.5000000000000018 59565.500000000007 12904.000000000002 59565.500000000007 51858.500000000007 27516.500000000004 3.5000000000000004 193946.50000000003 -5669.4999999999991 -5299.9999999999991 51325.000000000007 40907.500000000007 44870.500000000007 29346.500000000004 36508.000000000007 40242.500000000007 42192.000000000007 44324.500000000007 35845.500000000007 23.500000000000004 5.5000000000000009 5.5000000000000009 22590.500000000004 6.5000000000000009 4340.0000000000009 -10554.999999999998 6.5000000000000009 -14624.499999999998 33076.500000000007 5.5000000000000009 38358.000000000007 44324.500000000007 11262.500000000002 169579.00000000003 13889.500000000002 -18977.499999999996 34238.500000000007 35566.000000000007 35566.000000000007 7927.5000000000009 2.5000000000000004 124658.00000000001 1285.5000000000002 40242.500000000007 -587.49999999999989 31291.000000000004 103865.00000000001 26163.500000000004 35566.000000000007 26643.000000000004 124658.00000000001 -2755.4999999999995 23687.500000000004 92657.000000000015 -11655.499999999998 30477.500000000004 5.5000000000000009 30083.500000000004 15767.500000000002 5773.5000000000009 4918.5000000000009 7557.0000000000009 21483.500000000004 132134.50000000003 6294.5000000000009 20502.000000000004 37849.000000000007 20182.000000000004 162168.50000000003 29582.500000000004 24030.500000000004 8149.5000000000009 7301.5000000000009 6.5000000000000009 27910.500000000004 1369.5000000000002 -1850.4999999999998 7016.0000000000009 -7842.4999999999991 31183.000000000004 23315.500000000004 113394.50000000001 109014.50000000001 25806.500000000004 21773.500000000004 22333.500000000004 17463.500000000004 2180.5000000000005 5760.5000000000009 28767.000000000004 543.50000000000011 28358.500000000004 18701.500000000004 15995.500000000002 94550.000000000015 22426.500000000004 4.5000000000000009 90902.000000000015 21899.000000000004 3603.0000000000005 85907.500000000015 2572.5000000000005 4162.5000000000009 22590.500000000004 23346.500000000004 21899.000000000004 83782.500000000015 20253.500000000004 1333.5000000000002 17884.000000000004 22333.500000000004 25310.500000000004 13785.000000000002 23613.500000000004 6390.5000000000009 19975.500000000004 17463.500000000004 13228.000000000002 12556.500000000002 13296.500000000002 17697.000000000004
decision_type=2 2 2 2 2 2 2 2 2 2 2 2 2 2 2 2 2 2 2 2 2 2 2 2 2 2 2 2 2 2 2 2 2 2 2 2 2 2 2 2 2 2 2 2 2 2 2 2 2 2 2 2 2 2 2 2 2 2 2 2 2 2 2 2 2 2 2 2 2 2 2 2 2 2 2 2 2 2 2 2 2 2 2 2 2 2 2 2 2 2 2 2 2 2 2 2 2 2 2 2 2 2 2 2 2 2 2 2 2 2 2 2 2 2 2 2 2 2 2 2 2 2 2 2 2 2
left_child=1 11 3 8 5 6 7 10 9 15 29 13 14 59 16 21 17 18 30 20 26 22 23 24 28 33 -12 78 49 44 60 34 -33 81 35 40 37 43 45 69 -20 53 52 -7 107 47 51 80 -34 76 57 92 -28 54 -29 82 65 58 83 67 61 -13 63 -61 -58 -15 -54 -1 79 -31 -9 72 73 74 75 115 -2 -49 -27 -69 95 96 99 -32 85 -67 103 110 89 104 -91 -84 108 -66 -77 -26 97 98 -16 100 -41 102 106 -51 105 117 -78 -5 109 112 111 -65 113 -47 -108 -72 -59 124 -101 -95 121 -121 123 -106 -46 -115
right_child=2 -3 -4 4 -6 36 -8 70 -10 -11 19 12 -14 56 25 -17 -18 -19 31 -21 -22 -23 -24 -25 38 27 42 41 -30 39 50 32 48 -35 -36 -37 -38 -39 -40 55 -42 -43 -44 -45 88 46 -48 77 -50 86 -52 -53 66 -55 -56 -57 64 116 -60 62 -62 -63 -64 87 93 84 -68 68 -70 -71 71 -73 -74 -75 -76 94 101 -79 -80 -81 -82 -83 91 -85 -86 -87 -88 -89 -90 90 -92 -93 -94 119 -96 -97 -98 -99 -100 118 -102 -103 -104 -105 122 -107 114 -109 -110 -111 -112 -113 -114 125 -116 -117 -118 -119 -120 120 -122 -123 -124 -125 -126 -127
leaf_value=-0.078067225620664565 -0.036805493145154786 0.018756392379499311 -0.062532370279542906 0.051175846085190095 -0.0038336512135025004 0.050839567871787096 -0.054673687218469297 0.071555503120783459 0.039448408177428118 -0.090952853971229222 -0.037658828573423592 -0.072499268279320225 -0.070287582230290066 -0.066256920204332409 -0.035822889707098973 0.07126505589971413 0.0022252880190405089 -0.080742901905107245 -0.078168310202543362 0.027398887004388979 -0.068453185988794796 -0.042913750902290382 0.052390519317935036 -0.052300428549621941 0.01032583802896786 -0.020831199643890953 0.0067702715401036341 0.04246302275323191 0.040874993541376636 0.047224153102660461 -0.065112384244970553 -0.071425129967456299 -0.0091247897848270604 -0.090239974896995284 0.0094593125298046282 0.013710587335329328 0.074741631860225213 0.07183013864651093 -0.088267790339044208 0.024916961932400835 -0.025018428791640707 -0.003697083242341906 -0.0074458491459813512 0.0095096210623997202 0.015697811429550179 -0.011272165659120962 0.023956556465573334 0.031250908624936943 -0.040595023616109137 -0.0059907654374570865 -0.0016280695062128555 -0.03472915840097137 0.063131080361588446 0.052368290903230232 -0.0054087363740822278 -0.012651545986199575 -0.044011450631957952 -0.072006002735479691 0.0091343839003232129 -0.064839150653443464 -0.087240884333382979 -0.03341117318501325 -0.082742453352334169 -0.047696703795797289 0.0018549314740738485 -0.043222498710510669 0.027071691168214743 -0.058856764050512766 -0.08174322355151363 0.062623499525729556 0.028203004604712912 0.074932531169617192 0.07281764696024251 0.0088556512063366257 0.068325353354813573 0.031133682849350724 0.0055391804371178622 0.0046524479131926557 -0.061465290690371835 -0.02888652660421976 0.0045170144352536306 0.0088657161284082294 0.025707366333019701 -0.022336462433842262 -0.080610194602738799 0.010153840487649219 -0.045618691770556351 -0.01003758559004002 0.045667305655293498 -0.030936779833019984 0.010271549736251037 0.047612260492532109 0.021659491472396337 -0.046627174009414768 -0.00031922891827072385 0.026260186322952087 -0.0046557748006377268 -0.048199254710839599 0.0051371440071994404 0.023653813192588271 -0.014901008049616228 0.0025838695787831854 -0.064425554376831409 0.027644720207993558 0.030736010377001102 -0.026880597238345974 -0.020696959684718293 0.034461618906738441 0.018666493714916688 -0.035177415889407856 -0.069045550835835745 -0.022912794507080215 0.020560070691914893 0.0078401881363776415 0.0090374708765939751 0.061361224357731531 -0.043986423085389817 0.028963272579678147 0.05277750281299718 -0.024565615707123501 -0.050219284209498831 0.0080898263056605659 0.04024628052752828 -0.011669111122462399 -0.0059079038176649444 -0.016091553138862215
leaf_weight=252.491230674088 51.236947380006313 784.20350050926208 292.56365793943405 38.504081904888153 804.24454689025879 44.673647612333298 103.72060489654541 181.56468683481216 199.87032389640808 44.665671348571777 29.445405319333076 72.184077560901642 215.93364834785461 40.812038742005825 7.6861904412508038 21.139773368835449 64.386701464653015 65.983183026313782 31.958043932914734 126.1523642539978 46.439369857311249 58.827239036560059 38.314492583274841 60.125566393136978 99.635349579155445 15.115223713219168 21.391623511910439 22.922328427433968 30.007683612406254 118.49833711236715 12.742370516061781 68.331150472164154 79.018315613269806 18.227533996105194 77.484240025281906 39.048564016819 444.08583772182465 117.04835860431194 5.0694229602813712 46.560270749032497 50.647900283336639 78.194714397192001 31.580017924308777 50.078347951173782 42.413433507084846 65.268023565411568 44.127126693725586 122.7529633268714 60.919812053442001 258.41809707134962 22.091919153928757 30.563038840889931 28.198576226830482 26.663132548332214 27.308671221137047 8.0731281638145429 88.367451012134552 18.224427334964275 13.768309041857718 175.01153203845024 45.628209754824638 31.792906008660793 39.000914558768272 47.382496982812881 10.356035597622393 178.9338613525033 22.915205359458923 48.342840187251568 39.845102488994598 190.71597360819578 9.60489369928837 63.698094069957733 49.340889595448971 17.378180682659149 27.279993429780006 16.446139410138134 9.800150051712988 23.221278131008148 16.54901073127985 23.100736498832703 238.67297201603651 8.9903459548950178 28.964458465576172 13.363954797387125 7.6746800243854514 5.2124786898493758 5.0580625236034384 8.5035009831190091 9.2477194964885694 12.777743302285673 9.4403821080923063 102.23900141566992 13.708974085748194 11.326180391013621 15.363392442464827 49.162895888090134 13.140529513359068 25.000355258584023 10.933040194213389 12.261885538697245 6.6215104088187209 13.865473598241804 5.0988399982452384 4.8121946156024924 20.110415518283848 5.8920401707291594 114.138792142272 82.279371194541454 8.6794964820146543 7.6877609342336646 11.702127814292906 16.260133862495422 7.1416609436273566 35.377737618982792 4.9314408451318732 21.00798874348402 21.676871746778488 21.266452319920063 15.092184275388716 80.240491665899754 7.0602861940860739 5.5296219587326041 18.883415147662163 7.1364381834864608 9.2271241843700391 7.0548745691776267
leaf_count=1973 606 59 132 483 40 91 13 1712 14 5 78 330 42 430 74 4 29 28 48 97 43 17 17 43 1199 85 74 67 56 1329 94 57 99 22 99 27 60 375 4 407 88 61 51 34 460 631 71 1423 39 2934 47 103 59 25 53 19 979 72 61 1804 89 98 39 370 93 1788 54 214 33 2165 58 37 165 16 45 62 116 248 57 53 2677 60 287 107 11 23 10 23 40 80 47 699 132 121 44 601 36 134 86 72 40 67 21 23 222 37 1206 886 52 48 56 99 46 377 34 104 64 196 73 859 42 42 160 73 93 52
internal_value=-0.00186483 -0.0305281 0.016061 0.0209086 0.0312162 0.0436128 0.033748 0.0398409 0.00199632 -0.00308626 0.0309565 -0.0468177 -0.0375389 -0.0575599 -0.0308028 -0.00028427 -0.0380259 -0.0416063 -0.037563 0.00485048 -0.0109915 -0.00140808 0.000421955 -0.00112636 0.00136006 -0.00966466 0.0093156 0.00313831 -0.00992053 0.0408447 -0.0554491 -0.0264018 -0.0392116 -0.0378971 -0.0128507 -0.0270625 0.0678483 0.0530882 0.00877061 0.0480628 -0.0463295 0.0129002 0.022884 0.0293755 0.0269267 0.00954668 -0.00106708 0.0139193 -0.0230512 -0.0132729 -0.0341709 -0.00748802 0.0360839 0.0296732 0.0167418 0.0353941 -0.0413121 -0.0429891 -0.0264403 -0.0681686 -0.0695815 -0.0610271 -0.0616434 -0.0581391 -0.0335469 -0.0478901 0.0478906 -0.0733141 -0.0618865 0.0569095 0.0642927 0.0579829 0.0506167 0.0397616 0.0455303 0.0345693 -0.0227004 0.0271141 -0.0434529 -0.0497676 0.00887849 -0.022177 0.0373003 -0.0450315 -0.0436331 -0.0416379 -0.00620078 -0.0434963 0.0164481 0.0142821 -0.0135239 0.0430454 -0.00151002 -0.0251172 0.0162434 0.0157641 -0.0272488 -0.0336861 -0.0124807 0.0274663 0.0196835 -0.0175638 -0.0196898 -0.00525465 0.0193351 0.0134804 -0.0173988 0.0402074 -0.00411414 -0.00590634 -0.047026 -0.0418944 -0.00361697 -0.00544055 -0.0193588 0.0523371 -0.0583539 0.0171294 0.0411934 -0.0278386 -0.0250205 -0.0223337 0.0287318 0.0194324 0.0117034 0.00346728
internal_weight=8206.13 3157.27 5048.86 4756.3 3077.86 2273.62 1617.73 1514.01 1678.43 1478.56 1112.33 2373.07 1275.92 1097.15 1059.98 1433.9 789.251 724.864 658.881 306.123 179.97 1412.76 1353.93 1315.62 1255.49 270.731 133.531 186.753 497.368 806.205 251.473 407.408 208.269 83.978 199.139 121.655 655.886 211.8 758.124 529.027 82.6059 155.089 104.085 94.752 277.179 753.054 219.609 533.445 139.938 467.36 101.868 175.482 72.5054 76.8941 50.231 219.812 435.513 79.7759 39.8746 661.641 149.605 103.977 297.861 258.86 202.88 232.633 51.1138 363.78 111.289 309.214 401.684 220.12 156.421 107.081 89.7024 62.4224 199.072 145.974 31.6642 71.4436 387.471 65.7505 211.739 26.1063 191.821 184.146 268.288 83.8483 156.395 147.147 22.2181 131.203 144.919 114.513 31.8095 148.798 56.7601 43.6196 18.6192 80.5359 53.1818 147.835 133.969 263.23 124.929 78.7991 128.87 120.783 131.21 122.53 75.3448 63.6426 114.842 107.701 119.07 30.6129 39.9013 72.907 27.3541 104.157 92.8304 85.7701 46.1303 27.2469 51.6406 42.4326
internal_count=35538 11389 24149 24017 11180 11140 10580 10567 12837 12823 8324 11330 2278 9052 2236 12818 1476 1447 1419 456 359 12814 12797 12780 12737 760 316 348 5073 7868 962 457 195 412 262 163 560 500 7664 5091 136 206 238 125 2777 7660 1512 6148 138 5017 445 1441 187 145 120 1597 4388 398 262 4664 517 428 2391 2352 2136 2252 113 2273 300 3494 2243 531 494 329 313 268 2050 1671 142 267 4477 390 1578 201 1822 1811 2967 548 1408 1368 127 986 1338 1157 106 1800 330 294 160 592 447 1444 1377 2957 1241 786 1356 1369 1206 1154 525 469 1106 1060 1240 162 136 749 145 1064 943 901 455 295 553 429
is_linear=0
shrinkage=0.05


Tree=8
num_leaves=127
num_cat=0
split_feature=8 5 8 6 6 5 4 5 0 5 5 5 4 6 0 1 8 6 4 5 0 5 1 5 2 1 5 1 4 2 5 2 5 1 1 2 4 2 5 2 2 4 0 0 1 6 4 2 1 6 2 0 2 0 6 2 4 0 1 1 5 0 5 5 5 1 2 4 2 6 5 4 1 5 5 1 0 2 5 6 6 5 5 1 4 5 5 2 0 2 1 1 1 5 5 4 0 6 2 2 6 1 0 4 0 1 1 1 4 4 2 6 0 0 6 0 5 2 2 0 1 2 6 4 2 6
split_gain=3011.73 1306.46 613.001 785.858 733.73 1001.61 303.208 177.424 226.047 182.8 142.355 231.112 162.182 133.582 121.818 141.167 93.3094 82.7182 63.3182 61.607 52.8708 46.0788 42.1505 39.0033 34.8049 42.4679 34.3836 31.7815 29.3439 28.6731 28.5454 26.1135 23.5825 33.6409 24.8221 41.5507 23.0181 22.7365 30.2397 22.3998 21.7641 46.6114 21.4236 17.083 16.6633 24.9534 16.5921 20.2389 13.2417 12.0526 43.6438 11.3146 11.1381 11.0957 13.2372 10.3462 10.252 10.1022 9.73646 9.72675 9.25943 9.12884 8.78021 8.58861 8.58596 8.09884 18.2475 7.92735 7.74238 7.71198 11.226 8.10179 7.47091 6.20866 5.92558 5.99662 5.8888 5.70388 5.5318 5.4165 8.2535 8.358 5.11295 5.01647 4.90957 4.90045 4.73201 10.6838 6.03409 4.26346 4.24527 4.10318 3.78102 3.55502 3.42256 3.67207 2.87883 2.85526 5.21418 2.68785 2.67755 2.48855 2.43845 4.87958 4.58116 2.87883 2.60663 2.42539 2.42214 2.2562 2.2247 3.03335 2.19005 6.48554 2.07058 2.19224 1.95829 2.18114 2.37208 1.78081 1.75521 2.33115 1.7483 3.39832 2.25852 2.47199
threshold=-1.4999999999999998 10634.500000000002 1.0000000180025095e-35 10.500000000000002 9.5000000000000018 1092.5000000000002 193946.50000000003 -1273.4999999999998 29346.500000000004 -12031.999999999998 13643.500000000002 -4472.4999999999991 227302.50000000003 8.5000000000000018 59565.500000000007 51858.500000000007 3.5000000000000004 10.500000000000002 193946.50000000003 7196.5000000000009 49386.000000000007 3699.5000000000005 44716.500000000007 -5879.4999999999991 29582.500000000004 32775.000000000007 -2005.9999999999998 31856.500000000004 86701.500000000015 34450.500000000007 13643.500000000002 41575.000000000007 -11269.999999999998 40907.500000000007 35203.000000000007 36508.000000000007 70443.000000000015 27177.500000000004 -482.49999999999994 47926.000000000007 37849.000000000007 150639.50000000003 8355.5000000000018 33539.000000000007 32775.000000000007 6.5000000000000009 150639.50000000003 24333.500000000004 19271.500000000004 8.5000000000000018 39484.000000000007 26311.500000000004 21557.000000000004 25611.000000000004 4.5000000000000009 30671.500000000004 86701.500000000015 29892.500000000004 35203.000000000007 25806.500000000004 -2755.4999999999995 36825.500000000007 12515.500000000002 -9869.9999999999982 1834.5000000000002 25448.500000000004 21557.000000000004 138702.00000000003 5773.5000000000009 6.5000000000000009 -10554.999999999998 97286.000000000015 4918.5000000000009 23.500000000000004 6294.5000000000009 7634.5000000000009 3244.5000000000005 28021.500000000004 -7353.4999999999991 5.5000000000000009 3.5000000000000004 6294.5000000000009 6294.5000000000009 1366.5000000000002 45717.500000000007 -8685.4999999999982 2552.5000000000005 34450.500000000007 31882.000000000004 25679.000000000004 4021.5000000000005 23078.000000000004 25806.500000000004 143.50000000000003 4821.5000000000009 83782.500000000015 20762.500000000004 5.5000000000000009 19016.500000000004 20712.000000000004 3.5000000000000004 3598.5000000000005 13296.500000000002 63219.000000000007 17986.000000000004 24753.500000000004 15760.500000000002 21266.000000000004 78102.000000000015 52719.500000000007 24645.000000000004 3.5000000000000004 22635.500000000004 17402.500000000004 3.5000000000000004 16838.500000000004 244.50000000000003 912.50000000000011 1012.5000000000001 25954.500000000004 11139.500000000002 15335.500000000002 4.5000000000000009 89164.500000000015 13897.000000000002 1.0000000180025095e-35
decision_type=2 2 2 2 2 2 2 2 2 2 2 2 2 2 2 2 2 2 2 2 2 2 2 2 2 2 2 2 2 2 2 2 2 2 2 2 2 2 2 2 2 2 2 2 2 2 2 2 2 2 2 2 2 2 2 2 2 2 2 2 2 2 2 2 2 2 2 2 2 2 2 2 2 2 2 2 2 2 2 2 2 2 2 2 2 2 2 2 2 2 2 2 2 2 2 2 2 2 2 2 2 2 2 2 2 2 2 2 2 2 2 2 2 2 2 2 2 2 2 2 2 2 2 2 2 2
left_child=10 2 3 4 5 7 16 8 23 -10 11 17 18 37 15 21 19 20 27 24 22 42 32 28 48 26 -26 46 63 43 40 61 33 49 35 51 74 38 83 58 41 52 64 53 45 67 47 -13 56 50 57 -34 -3 54 -18 60 -4 -1 -19 -49 72 78 -54 -2 90 66 -21 77 -62 71 -71 -30 -25 96 75 -23 116 79 -11 80 81 94 99 -9 -65 119 88 108 102 91 -7 -50 97 -29 -38 -96 120 98 114 -82 -100 -66 -44 -104 106 -106 -105 -84 109 -88 111 -110 113 -85 -74 -116 -75 -118 -119 -73 -40 -122 123 124 125 -78
right_child=1 30 6 -5 -6 14 -8 13 9 31 -12 12 -14 -15 -16 -17 29 39 -20 65 -22 36 -24 55 25 -27 -28 93 69 -31 -32 -33 34 -35 -36 -37 44 -39 73 -41 -42 -43 86 -45 -46 -47 -48 59 89 -51 -52 -53 62 -55 -56 -57 -58 -59 -60 -61 68 -63 -64 84 101 -67 -68 -69 -70 70 -72 85 92 76 -76 -77 122 -79 -80 -81 82 -83 107 112 -86 -87 87 -89 -90 -91 -92 -93 -94 -95 95 -97 -98 -99 100 -101 -102 -103 103 104 105 -107 -108 -109 110 -111 -112 -113 -114 -115 115 -117 117 118 -120 -121 121 -123 -124 -125 -126 -127
leaf_value=-0.075228778047341446 -0.071545864940419465 0.060383417742360918 0.015101171738666423 0.071066773596030738 -0.08324340803133734 0.026881277488007196 0.070391596749119892 -0.034671094357582193 0.043089843012966839 -0.010025018948336959 -0.079896014276583965 -0.074353941432762069 0.0244203120160215 -0.089253393180787358 0.074319898053933686 -0.089007326880028215 0.0467130295444044 -0.032800241120583155 -0.061371496614009251 0.051859725741270693 -0.085262130368538358 0.054485649485299284 0.0067441647637643655 -0.063650780117636807 -0.011842942857274759 -0.0002384216948364585 -0.073259113525883823 0.0074797443791406243 -0.044611870941338096 0.064645581283269207 0.070076643472876954 -0.062423004028937273 -0.062308275478019128 -0.00021197314978860777 -0.075483407947037284 0.038831394008342561 0.027831591187355988 0.033382445346081133 -0.0052833724450826857 -0.019150821082863381 0.069692236014224029 -0.021019578804088699 0.011629164879307576 -0.010378445930800596 0.064748824220600187 -0.044366291372870299 -0.07146933396630685 -0.030900903563720009 0.023852272357137674 -0.079137697817344144 -0.0033579186130055861 -0.026545505902905282 0.044693448323259395 0.054899054183055566 -0.031920035193407685 0.020177828880027365 -0.052871521770320701 -0.043740684369426977 -0.068503702283568613 0.013646097342585465 -0.040795035932845766 0.0029827578790863458 0.0010288031678083163 -0.064631333224173068 0.049155378472237943 0.061177080795382748 -0.037708410547697524 0.071273622197532069 -0.021791547298752916 -0.070668352430989137 -0.017296250327738197 0.012597691622103131 -0.04446128996798665 0.0041013822326889902 0.05712585256459584 0.034451188360670661 -0.0064567462130365365 -0.012381177199069747 -0.039793823230224158 0.066304869788906193 0.003578629062717604 0.044411434742024039 -0.03111947683895849 -0.017075458062558481 -0.045525794345392535 -0.031129013012899644 0.0078701073468553373 0.071963937427402438 -0.043909130886182174 0.012282170831303285 0.0069454427021975107 0.063003019156471649 -0.0010458269724783053 -0.010062197402496207 0.017368581104665076 -0.027775794445901825 -0.041172139408904698 -0.058133478427061007 0.0035479456449610141 0.04200628286985636 -0.027449649375883452 0.032493296122549961 -0.030932384715240409 0.0010994150427623319 -0.015238297345826383 0.015633378367696307 0.045743927730035522 0.0019780491965201998 -0.031813142736564597 0.026968848708521606 0.015598810485757978 0.0075026785339585072 -0.044335613191184488 0.02196427553364623 -0.018469167201152565 -0.054706601955574502 0.022793128396578696 -0.015421115200825364 0.011935708890342442 -0.010878630779952927 0.026171232974509476 -0.0090274419050951644 -0.019649601381794623 0.035613021989328371 -0.015415618733893979 0.0065802969223667674
leaf_weight=156.52153572440147 188.72320791333914 100.89302708953619 11.198333166539671 324.35815918445587 311.89733269810677 62.355978108942509 458.31778407096863 45.73359526693821 146.7573277503252 25.979799538850784 426.64810463786125 14.782921828329561 148.90956830978394 45.016451150178909 162.75916767120361 24.30213451385498 9.6027437299489993 40.103893488645554 156.01891946792603 15.238320894539358 274.80073380470276 68.291039854288101 23.503371238708496 42.231932908296585 40.587119877338409 99.494866698980331 53.001416891813278 57.157718002796173 30.989437445998192 83.892594784498215 815.91215498745441 53.762120842933655 43.623628221452236 18.249879956245422 43.503697216510773 17.321509838104248 13.590747967362406 42.46157132089138 203.66615273803473 133.81375503540039 101.802978515625 26.027340412139893 50.101186752319336 26.149420917034149 23.96553148329258 12.723003834486006 29.243638753890991 23.299789309501648 18.00440035760403 205.06053056567907 28.988258391618729 50.590129643678665 35.310049168765545 34.536794170737267 9.7941198050975782 7.2663428187370291 9.2470718100666982 37.599744915962219 44.591195106506348 23.692652925848961 94.106747135519981 31.548856407403946 17.276130735874176 78.26617731153965 37.538870774209499 32.823116615414619 7.815925568342208 8.5071493089199048 140.1884134337306 27.88412007689476 16.626060128211975 15.148423716425897 143.22078281641006 75.432677775621414 146.66800007969141 111.25660991668701 61.693110004067421 9.8293623924255353 44.039192870259285 7.1573284715414038 10.051645591855051 49.426403880119324 9.0049608200788516 150.8738842010498 94.031989432871342 18.689210832118988 40.17582481354475 6.8119289278984061 6.105895370244979 22.352144464850426 49.150373049080372 13.017344690859316 6.479984536767005 56.239662259817123 7.9915687069296819 7.9773342907428741 4.3776783943176261 25.333835065364838 9.0898890718817693 8.1840820610523206 23.328227236866951 110.59336922317743 11.593715630471705 5.8209969699382764 23.563031755387783 9.8505050614476186 7.4001220986247063 11.560038574039934 8.6602795869112068 26.729919910430908 10.734408065676687 9.0315225720405561 5.8281617313623419 10.487114913761614 22.763913422822956 5.1879387572407714 49.333462707698345 7.6489896625280371 92.875619649887085 15.109302848577498 9.6532399654388445 7.4442591071128836 10.938868060708044 5.4981781244277945 23.128972820937634 85.246234819293022
leaf_count=847 1713 1000 96 19 21 769 45 541 92 43 30 73 13 9 14 4 68 83 37 126 31 772 11 446 58 77 81 45 182 72 2447 26 238 8 25 19 97 54 2363 24 27 25 548 39 36 27 24 69 113 407 31 107 121 96 35 18 49 58 26 56 1045 25 60 853 478 63 25 10 1365 95 49 55 1514 904 1710 1258 685 31 97 42 71 404 61 1646 843 61 443 6 9 79 518 68 23 57 77 47 23 152 59 44 145 1225 120 59 150 35 66 62 49 273 34 56 32 70 228 46 601 93 1125 45 93 63 62 31 208 881
internal_value=-0.00178688 0.0158673 0.00500889 -0.0034544 -0.00996129 -0.0032416 0.0412462 -0.0227922 -0.0346934 0.00320949 -0.0541266 -0.0473236 -0.0193409 -0.00617586 0.0342572 0.0277078 0.0137053 -0.0600359 -0.0374517 -0.00190874 -0.0667526 0.0306877 -0.0584827 -0.0460871 -0.0119517 -0.0230961 -0.047084 -0.018961 -0.0563476 0.0442964 0.0652438 -0.0344725 -0.0610468 -0.0669851 -0.0435965 -0.0305545 0.0412013 -0.0018839 -0.00368895 -0.0321772 0.0510105 0.0400604 0.0194391 0.0223833 0.0265421 0.0202658 -0.0407953 -0.0252878 0.0170501 -0.0698124 -0.0609043 -0.0436377 0.0505199 0.0382584 0.0071451 -0.0363937 -0.0164403 -0.0694108 -0.0522362 -0.00852066 -0.0372442 -0.0191646 0.0307285 -0.0636244 0.0291086 0.0453411 0.0209809 0.0263074 -0.0295867 -0.0348586 -0.05166 -0.0249187 -0.0435589 0.00176391 0.0491676 0.0423586 0.00541533 0.0229282 -0.0291155 0.0258219 0.0227824 0.0319732 0.00361386 -0.019956 -0.0545562 -0.0117068 0.00774358 0.0155129 0.000691137 0.0300374 0.0182781 0.0418913 -0.0396793 -0.00118842 0.0102391 -0.00519667 -0.00488703 -0.0407418 -0.0382797 0.0223719 -0.0187624 0.0370505 0.00362935 -0.0032496 0.00403246 -0.00580204 0.0278989 -0.0130538 0.0107221 0.0158588 -0.00132595 -0.0121476 -0.0157189 -0.0143878 -0.0418165 -0.0270249 0.0108393 0.0141481 0.00967347 0.000741759 -0.00396255 0.0109174 -0.00113279 9.73517e-05 -0.00122308 0.0010662
internal_weight=8146.37 6092.11 4994.88 4049.81 3725.45 3413.56 945.074 2244.09 1306.75 302.087 2054.26 1627.62 509.345 937.338 1169.46 1006.7 486.756 1118.27 360.435 322.78 899.763 982.403 624.962 1004.67 266.903 193.083 93.5885 204.416 485.468 163.976 1097.22 155.33 601.459 446.42 155.039 111.535 506.185 892.322 849.86 218.509 281.31 179.507 476.218 80.0831 179.969 156.004 91.019 61.7754 73.8193 428.17 223.11 94.2138 153.479 53.9337 19.3969 519.198 20.4454 194.121 84.6951 46.9924 511.932 101.568 52.5862 361.021 259.639 55.8774 23.0542 143.281 234.295 124.447 44.5102 79.9364 277.637 636.937 326.216 179.548 411.796 134.773 70.019 124.944 117.787 78.9861 38.8007 212.923 172.298 48.9469 216.579 102.144 114.435 53.3739 111.506 31.0217 235.405 113.397 29.5597 15.9689 225.141 228.925 203.591 18.2357 32.4181 148.132 108.33 58.2284 46.6347 33.4135 13.2211 20.565 95.332 66.9057 28.4262 17.6918 167.189 161.361 171.173 27.9519 225.291 149.858 100.525 30.2577 220.764 17.0975 186.505 175.566 170.068 146.939
internal_count=35538 33219 29539 28349 28330 28309 1190 18704 9220 283 2319 2289 374 9484 9605 9591 1145 1915 361 835 1782 9587 1751 8937 621 216 139 324 3896 310 3680 191 1740 1351 389 364 4749 9475 9421 133 1233 1206 4838 238 1009 973 222 198 405 1343 936 345 1181 199 103 5041 145 905 109 125 5023 165 181 3409 2990 214 151 946 2410 487 144 343 2613 7132 3740 2030 4590 936 140 905 863 625 238 2289 1696 161 1848 861 987 260 1287 181 2167 102 221 124 2542 2144 1992 115 204 1703 978 430 310 185 125 123 855 716 139 105 1748 1716 1788 274 2723 1819 1218 100 2519 156 1867 1805 1774 1566
is_linear=0
shrinkage=0.05


Tree=9
num_leaves=127
num_cat=0
split_feature=8 5 8 5 4 1 5 5 7 8 0 4 7 1 5 5 2 1 8 1 2 7 8 7 0 5 5 5 7 5 5 5 1 0 2 5 5 0 2 7 1 0 7 2 4 5 0 1 2 5 1 1 4 1 2 5 0 1 7 7 2 2 5 2 1 0 5 1 5 2 7 5 5 2 5 1 4 5 2 2 4 1 2 4 1 7 2 1 4 1 7 0 0 5 0 1 4 1 2 4 7 1 0 2 5 4 0 0 0 1 4 7 0 4 5 0 5 0 1 0 1 8 5 5 1 4
split_gain=2754.07 1217.81 562.412 682.414 284.798 230.447 139.094 282.265 162.951 135.27 299.052 123.993 146.218 125.14 121.294 319.238 665.964 149.544 139.669 135.162 94.1085 87.7964 85.6886 63.5565 52.5334 57.0516 51.8612 44.4869 44.0937 70.5165 47.4929 43.0939 41.4163 71.345 30.364 28.43 27.9217 27.2261 26.947 25.4793 24.0312 34.7954 22.5526 21.0603 43.1426 20.9477 15.691 13.3729 16.6032 12.8246 19.5163 12.625 12.1267 33.5471 20.8281 11.0417 12.2605 10.6676 12.7119 26.0823 24.6691 10.6452 10.3297 10.3117 11.9009 10.2866 11.7754 8.9525 8.11755 7.95625 11.4467 11.4416 7.61638 7.02458 5.76343 9.38379 5.12739 5.03487 4.62236 4.56338 4.10522 3.95647 3.93343 3.85217 3.59061 3.3496 3.14977 3.56746 3.12429 3.09499 3.07227 3.06511 3.0519 3.33886 2.95838 4.33531 2.92358 3.16514 2.89263 5.96563 2.8675 6.60102 3.45608 2.84419 2.77954 2.69622 2.68021 2.9179 2.55837 3.6818 3.71501 2.83008 4.22796 2.62308 2.48743 2.40645 2.32534 2.25699 2.11189 2.04708 2.02669 1.92821 1.90358 2.94124 1.86134 3.29336
threshold=-1.4999999999999998 10634.500000000002 1.0000000180025095e-35 -1336.4999999999998 193946.50000000003 36675.000000000007 9797.5000000000018 1000.5000000000001 7.5000000000000009 -5.4999999999999991 49386.000000000007 193946.50000000003 5.5000000000000009 40907.500000000007 2180.5000000000005 6294.5000000000009 54385.500000000007 51858.500000000007 -1.0000000180025095e-35 51858.500000000007 54385.500000000007 7.5000000000000009 3.5000000000000004 9.5000000000000018 24436.500000000004 -16363.499999999998 -8386.4999999999982 23.500000000000004 6.5000000000000009 -7842.4999999999991 -12411.999999999998 -12411.999999999998 30096.000000000004 28358.500000000004 41575.000000000007 3503.5000000000005 13643.500000000002 49386.000000000007 34450.500000000007 7.5000000000000009 44716.500000000007 42276.500000000007 7.5000000000000009 37849.000000000007 150639.50000000003 4340.0000000000009 33539.000000000007 7634.5000000000009 36508.000000000007 -20717.499999999996 25448.500000000004 30961.500000000004 74711.000000000015 32775.000000000007 29027.000000000004 -2755.4999999999995 12945.500000000002 32775.000000000007 5.5000000000000009 6.5000000000000009 31291.000000000004 21557.000000000004 -587.49999999999989 26765.500000000004 18167.500000000004 25611.000000000004 2322.5000000000005 20477.500000000004 12515.500000000002 28552.500000000004 2.5000000000000004 1285.5000000000002 3793.5000000000005 6129.5000000000009 -13664.499999999998 30096.000000000004 8149.5000000000009 3905.5000000000005 28552.500000000004 21336.500000000004 69237.500000000015 21266.000000000004 28552.500000000004 138702.00000000003 4918.5000000000009 4.5000000000000009 20712.000000000004 16392.000000000004 100471.00000000001 31856.500000000004 5.5000000000000009 9640.0000000000018 1694.5000000000002 649.50000000000011 19975.500000000004 18030.000000000004 103865.00000000001 21679.500000000004 23780.000000000004 66384.000000000015 3.5000000000000004 18167.500000000004 19100.500000000004 5123.5000000000009 1834.5000000000002 78846.000000000015 30501.500000000004 27109.000000000004 14670.500000000002 28174.500000000004 99310.500000000015 3.5000000000000004 17402.500000000004 56586.500000000007 -7353.4999999999991 2572.5000000000005 -4338.4999999999991 8549.5000000000018 23596.000000000004 22426.500000000004 22333.500000000004 1.5000000000000002 -1850.4999999999998 -1401.4999999999998 10642.500000000002 49443.500000000007
decision_type=2 2 2 2 2 2 2 2 2 2 2 2 2 2 2 2 2 2 2 2 2 2 2 2 2 2 2 2 2 2 2 2 2 2 2 2 2 2 2 2 2 2 2 2 2 2 2 2 2 2 2 2 2 2 2 2 2 2 2 2 2 2 2 2 2 2 2 2 2 2 2 2 2 2 2 2 2 2 2 2 2 2 2 2 2 2 2 2 2 2 2 2 2 2 2 2 2 2 2 2 2 2 2 2 2 2 2 2 2 2 2 2 2 2 2 2 2 2 2 2 2 2 2 2 2 2
left_child=6 2 3 5 22 24 7 9 35 10 40 12 74 28 18 17 52 20 -5 21 47 27 23 31 26 -26 80 37 30 89 -14 -4 33 45 57 -9 43 51 46 -35 41 49 -34 44 61 63 65 77 72 -1 -51 62 90 54 86 56 84 58 60 -60 67 -3 76 64 -33 66 -24 -27 -63 70 71 92 108 -57 -11 79 -20 103 98 -76 -2 -81 88 -32 -28 115 87 -54 -58 -30 -17 104 93 -29 95 122 97 119 99 -74 101 -101 105 -16 -73 -102 107 -69 113 110 111 -110 -113 117 -83 -78 -86 -49 -82 124 -64 -47 -75 -124 -72 -126
right_child=1 36 4 14 -6 -7 -8 8 -10 11 -12 -13 13 -15 15 16 -18 -19 19 -21 -22 -23 38 -25 25 34 55 69 29 -31 83 32 42 39 -36 -37 -38 -39 -40 -41 -42 -43 -44 -45 -46 121 -48 48 -50 50 -52 -53 53 -55 -56 73 82 -59 59 -61 -62 68 120 -65 -66 -67 -68 106 -70 -71 96 91 78 94 75 -77 85 -79 -80 81 118 114 -84 -85 116 -87 -88 -89 -90 -91 -92 -93 -94 -95 -96 -97 -98 -99 -100 100 102 -103 -104 -105 -106 -107 -108 -109 109 -111 -112 112 -114 -115 -116 -117 -118 -119 -120 -121 -122 -123 123 -125 125 -127
leaf_value=-0.077858711837437311 -0.07075467845289192 0.05865353133695346 -0.069642284835114907 -0.064216058525450675 0.068483943347216178 0.018266082584747899 -0.075605311075762363 -6.7745469006280599e-05 0.061063151899529912 -0.076914237628940132 0.050431027455008687 -0.083983861189730516 0.041021770848120219 0.049724942473395484 0.040923814361558508 0.057344128533875265 -0.067646260309750933 0.071329956286078702 -0.033545787800114177 0.051767940904188063 -0.083254645236457869 -0.089203933641617175 -0.03159056816794116 -0.072545116679871485 0.033987862534121401 0.016357247370945384 -0.063762939959321724 0.0093332682187898981 -0.059541176368847974 -0.0045437827974041719 -0.019685084206682239 -0.034513798218799845 0.008966505809235371 -0.0053282760135407829 -0.077153525927989394 -0.051221295164221629 0.068472007100679355 0.070444790318875503 0.062666086808444044 -0.063576086497744863 -0.087948133709759707 -0.00086345508384386019 0.053920047198593724 0.068090918126906458 -0.019937571621108697 0.0243748209685965 -0.0098588710405225627 0.030987753108408834 0.059940250924711759 -0.079124416853756041 -0.024810337910194987 -0.084502225766919181 0 0.072014934815918544 -0.038907656957311521 -0.039311255472640638 -0.031429103201350714 -0.052596422923559039 0.02683708526379306 -0.030018349246772769 -0.081412008820853796 0.043063833012393457 -0.0053527465982505691 -0.04403557857488738 0.031912914866132382 0.052990689737658331 0.042710368901059066 -0.031083343413668904 0.00098045340653981077 0.046938467209050802 -0.011553328074662202 0.021872114350073402 0.034697600447163197 -0.025357921286867653 -0.072054199726028764 -0.083761905831025912 0.0060801079734524033 0.0540371112234048 -0.010249881464924816 -0.021179254428856584 -0.057936071210155808 -0.059142744440414424 0.0029605308477784337 -0.046758405723177326 -0.051651372507386377 0.013111571944253497 0.011828482618634614 0.04106836958434542 -0.064429534439670186 -0.079641618460237054 0.027381574872082703 0.00026124785603475538 0.0044810396627402863 0.027162586451088478 -0.043667513647019568 0.017285240600213851 -0.029059777859899057 0.027063928747416727 0.057699089952508636 0.028727519416921782 0.020352500400684675 -0.03723055909655066 0.032967598187102806 0.022543679929593857 0.03980360323709136 -0.018642500796450009 -0.041995280858756083 -0.0013930940207441196 -0.0093107028648034915 0.033494466256652311 -0.022156818072259558 -0.013189442761611934 0.031123928750391036 0.041256709865386376 -0.030171384229118955 -0.01876349366325495 -0.038129210972834948 0.0090891578261171578 -0.026657582594064595 -0.031448746103119388 0.024073500952528439 0.054161152028151166 -0.0032027928874966967 -0.040629117479962507 0.030496713287234495 -0.0017816083298260673
leaf_weight=52.588928192853928 160.37746261805296 98.759188987314701 17.09091654419899 76.902706488966942 447.82455110549927 191.70290064811707 480.47961595654488 47.458513468503952 88.463978216052055 213.15410073101521 93.879726886749268 385.72518396377563 31.15986992418766 47.878952622413635 68.163512341678143 140.28244924545288 247.47724342346191 279.23249053955078 51.198898553848267 135.50031566619873 18.063302516937256 26.453427702188492 9.3250910043716448 27.920427203178406 39.258222192525864 14.986223354935644 51.487804599106312 114.43173594027758 61.386244475841522 58.069311499595642 28.371355637907982 8.4622625336051005 52.864812344312668 31.731460526585579 29.708818435668945 63.14093129336834 793.86433487385511 9.1939883232116681 82.287910938262939 46.426024168729782 47.880407810211182 33.157690048217773 59.987168073654175 99.079895377159119 26.119662344455719 10.17281813919544 26.202452450990677 14.725941024720667 28.94650536775589 25.329988323152065 49.73501493036747 4.9986400306224814 6.1656460836529723 36.629600405693054 14.025818243622778 95.833796843886375 138.62609572708607 25.895227193832397 36.670658946037292 42.391380190849304 18.320130974054337 34.863255299627781 258.47981996834278 9.4622738808393461 22.567491792142391 34.040248766541481 10.01091445237398 16.677909657359123 17.271126210689545 13.212585151195524 36.153760187327862 72.208041541278362 99.264171689748764 68.332027733325958 21.72573284804821 35.019171625375748 9.8021118044853193 58.790912136435509 6.9367002546787253 18.61484245210886 105.39444651454687 32.078765347599983 7.2721218317747107 30.417454481124878 118.7816005423665 9.1196908429265005 26.401200018823147 34.282471172511578 8.0684335976839048 69.994944036006927 12.739547990262507 11.125325806438921 237.30945683270693 34.70317330211401 12.42525192350149 7.3193304091691962 9.962308540940283 7.6795278415083876 8.8875212073326093 6.1333303675055486 8.3640198186039907 7.077020101249218 20.785373516380787 39.514381907880306 36.843835018575191 7.3819615468382827 18.017032250761986 16.438318163156509 15.067069053649901 8.0036593079566938 14.11173193156719 6.9462740346789387 16.337206572294235 9.7663160562515241 15.464162170886992 122.42533989995718 74.208089470863342 58.748961098492146 8.9683772325515729 5.5513535887002936 4.9562778100371352 35.125888727605343 29.308069959282875 5.5614522323012343 8.0208097696304304 61.660752013325691
leaf_count=133 1689 1000 17 36 45 47 49 60 24 890 11 50 52 23 814 1666 15 16 606 7 2 11 44 18 76 67 535 1383 78 71 76 63 56 75 22 70 2447 3 72 65 15 13 72 27 25 67 39 180 18 104 62 5 53 23 26 1049 1161 28 89 68 43 121 2930 33 131 96 59 58 60 24 409 844 1138 715 175 41 116 673 18 110 687 101 26 27 1291 49 133 267 30 35 145 112 2666 428 75 51 33 47 36 60 86 54 135 421 440 51 39 49 135 23 54 66 116 109 49 1255 791 630 35 34 20 238 316 56 84 551
internal_value=-0.00171604 0.0152691 0.0048088 -0.00330592 0.0397929 -0.0323926 -0.0520472 -0.0447005 0.010818 -0.0528827 -0.0232993 -0.0613801 -0.048122 -0.0242007 0.0112798 0.0220713 -0.0085032 0.0418298 0.000783168 0.00473626 0.0259341 -0.000863063 0.0131319 -0.00180387 -0.0408478 -0.0208432 -0.0466069 0.00129858 -0.0370188 -0.0506541 -0.008004 0.005123 0.00999142 -0.006037 -0.0308 -0.0295133 0.0636144 -0.0103951 0.0426856 -0.0403571 -0.056573 -0.0467145 0.0331695 0.0494324 0.0386367 0.0252766 0.0214415 0.0300148 0.0241262 -0.0584861 -0.0440031 -0.0121672 0.0456322 0.0329306 0.0145042 -0.038425 -0.0434714 -0.0231357 -0.018148 -0.00357931 -0.0315288 0.0488734 -0.0111801 -0.000847959 0.0131293 0.0367975 0.00684032 -0.0166258 0.0294973 0.00978263 0.00892994 0.0123137 0.0205672 -0.0290558 -0.0712627 -0.0608789 -0.0199621 0.0417075 0.0279191 -0.0508646 -0.0647639 -0.0428624 -0.0319301 -0.0343243 -0.0505598 -0.0148055 0.0261927 0.0349363 -0.033702 -0.0708084 0.0550761 0.0257532 0.00806573 0.0136687 -0.0207688 -0.0177812 -0.00431039 -0.00197317 0.0296813 0.0276034 0.0129429 -0.00638894 0.0200508 0.0344944 0.0282824 0.0017509 -0.0265168 -0.016965 0.0119656 0.00393623 -0.00102181 0.00699353 0.0176991 0.0176228 -0.050638 -0.0168525 -0.046701 0.0139024 -0.0557789 -0.00424261 -0.00469127 0.0482509 -0.0204582 -0.0102777 -0.00248777 0.002242
internal_weight=8051.81 6020.64 4950.68 4019.18 931.503 1342.03 2031.17 1550.7 199.063 1351.63 302.572 1049.06 663.335 327.278 2677.15 1319.25 518.004 801.248 1357.89 1280.99 522.016 1145.49 483.678 321.812 1150.33 258.364 891.964 1119.04 279.399 189.451 89.9487 293.891 276.8 163.948 219.106 110.599 1069.96 470.175 161.867 78.1575 208.692 160.812 112.852 276.093 177.013 85.7907 79.5787 503.953 337.484 127.654 75.065 460.981 270.527 117.505 80.8751 617.224 398.444 189.397 163.502 79.062 84.4396 150.894 455.982 40.492 31.0298 53.3763 19.336 66.1195 52.1344 648.863 635.65 506.622 308.537 218.78 336.057 122.903 192.546 166.469 164.83 87.8835 274.74 66.1578 153.967 58.7888 244.477 141.347 66.8493 40.4481 146.695 131.381 153.022 120.177 386.444 149.135 122.946 110.521 129.029 119.066 157.893 149.006 49.7417 13.2104 36.5314 107.678 109.052 15.746 51.1333 33.1162 143.707 60.4659 52.4623 38.3505 23.2835 83.2412 47.5429 132.227 192.99 73.4749 114.363 111.387 263.436 45.2987 103.202 34.8695 105.835 69.6816
internal_count=35538 33219 29539 28349 1190 9093 2319 2270 154 2116 338 1778 1728 362 19256 7163 2328 4835 12093 12057 4819 12050 1145 835 9046 539 8507 12039 339 184 155 817 800 672 463 130 3680 4984 310 140 327 312 128 1233 1206 532 238 4817 2909 299 166 4981 2313 502 479 6096 3834 441 413 157 256 1181 4976 227 194 199 103 213 181 7055 7031 5873 2891 2262 1366 476 2026 1908 1578 435 2411 260 1217 103 2617 1420 453 320 1191 113 1811 1396 4477 1811 1213 1138 1158 1125 1560 1524 386 114 272 1235 1284 137 146 107 1313 394 371 317 182 919 150 1371 2082 810 722 1078 2950 305 1087 372 1044 635
is_linear=0
shrinkage=0.05


Tree=10
num_leaves=127
num_cat=0
split_feature=8 5 6 6 3 5 3 4 5 1 1 8 1 5 1 3 6 6 1 5 1 3 0 5 8 5 8 3 0 8 8 0 5 3 4 1 5 3 4 3 3 3 4 5 0 5 6 4 0 8 4 3 5 8 3 4 8 1 4 1 0 8 4 5 5 1 6 3 0 0 4 1 0 5 3 5 4 5 1 1 0 6 0 4 4 3 0 3 6 5 3 3 0 1 0 4 5 5 3 3 5 1 1 8 0 3 3 1 0 1 4 6 6 1 1 4 5 0 6 3 0 4 3 3 3 1
split_gain=2636.45 1047.22 614.028 851.485 1119.33 712.479 300.862 311.521 146.263 245.977 109.386 76.2534 59.7653 58.9715 73.9601 50.563 122.538 80.5452 157.467 45.9573 43.934 42.9011 76.1328 40.0295 39.3532 48.4887 37.6849 32.2493 37.1375 31.5608 41.4301 42.3741 24.1467 21.8642 20.9371 20.5613 20.1282 19.3016 17.4727 15.9105 17.6518 15.5707 27.6056 15.5651 19.213 15.0364 12.9377 13.7497 11.3992 16.4652 10.9832 10.8439 10.6795 10.5653 24.1459 19.6862 21.1142 12.9865 11.7152 9.94285 9.78635 9.3062 8.04496 7.42574 7.34801 7.2917 7.0146 6.9561 6.19374 6.90465 6.18269 6.17384 6.02047 8.17634 6.87556 5.64629 5.58056 5.41596 5.24036 4.74523 4.32363 5.60759 4.18447 4.09554 3.75854 3.63454 4.78199 3.46817 3.44561 3.37858 3.79563 3.56228 4.12522 3.34681 3.18952 3.04512 2.98268 2.87214 2.82026 2.78699 2.52281 2.65977 2.40296 2.34873 2.23854 1.99518 4.70499 2.57993 3.0148 2.41256 2.12363 1.9498 2.13421 7.22188 2.57394 3.37302 1.90196 2.05704 6.46346 7.26202 1.89102 1.87653 2.82039 1.70525 1.70309 1.64107
threshold=-1.4999999999999998 10634.500000000002 10.500000000000002 9.5000000000000018 51325.000000000007 1092.5000000000002 51325.000000000007 227302.50000000003 -1220.4999999999998 24753.500000000004 44716.500000000007 -1.0000000180025095e-35 24753.500000000004 3998.5000000000005 51858.500000000007 39750.500000000007 10.500000000000002 10.500000000000002 40907.500000000007 -10921.499999999998 36675.000000000007 35845.500000000007 31882.000000000004 -6870.9999999999991 1.5000000000000002 -16935.499999999996 -3.4999999999999996 45767.500000000007 49386.000000000007 2.5000000000000004 1.5000000000000002 28846.500000000004 23.500000000000004 13556.000000000002 138702.00000000003 33973.500000000007 13643.500000000002 6572.5000000000009 179318.00000000003 27901.000000000004 24298.500000000004 37730.500000000007 162168.50000000003 -2755.4999999999995 13973.000000000002 -7842.4999999999991 6.5000000000000009 99310.500000000015 27910.500000000004 -3.4999999999999996 162168.50000000003 32071.500000000004 7016.0000000000009 3.5000000000000004 35845.500000000007 155673.50000000003 1.5000000000000002 29413.500000000004 99310.500000000015 21899.000000000004 38358.000000000007 1.0000000180025095e-35 120507.00000000001 -587.49999999999989 1834.5000000000002 30096.000000000004 2.5000000000000004 24298.500000000004 3565.5000000000005 29892.500000000004 78846.000000000015 3368.0000000000005 23868.500000000004 -7104.9999999999991 14344.000000000002 -6243.4999999999991 110508.00000000001 6294.5000000000009 12139.000000000002 21266.000000000004 27109.000000000004 3.5000000000000004 17402.500000000004 92657.000000000015 16803.000000000004 21466.500000000004 13738.500000000002 3177.0000000000005 4.5000000000000009 1834.5000000000002 10166.000000000002 13228.000000000002 15139.000000000002 17463.500000000004 15897.500000000002 132134.50000000003 244.50000000000003 -9570.9999999999982 6926.5000000000009 14716.000000000002 1580.5000000000002 16908.000000000004 5548.5000000000009 2.5000000000000004 877.50000000000011 16491.500000000004 18534.000000000004 19943.500000000004 24178.500000000004 20302.000000000004 80922.000000000015 5.5000000000000009 3.5000000000000004 27664.000000000004 27156.500000000004 107732.00000000001 -9570.9999999999982 19975.500000000004 4.5000000000000009 20253.500000000004 13513.500000000002 103865.00000000001 20635.500000000004 14716.000000000002 478.50000000000006 559.50000000000011
decision_type=2 2 2 2 2 2 2 2 2 2 2 2 2 2 2 2 2 2 2 2 2 2 2 2 2 2 2 2 2 2 2 2 2 2 2 2 2 2 2 2 2 2 2 2 2 2 2 2 2 2 2 2 2 2 2 2 2 2 2 2 2 2 2 2 2 2 2 2 2 2 2 2 2 2 2 2 2 2 2 2 2 2 2 2 2 2 2 2 2 2 2 2 2 2 2 2 2 2 2 2 2 2 2 2 2 2 2 2 2 2 2 2 2 2 2 2 2 2 2 2 2 2 2 2 2 2
left_child=6 2 3 4 5 8 7 12 9 19 29 -11 46 14 27 16 20 18 -17 59 23 22 33 48 25 -13 -25 28 37 30 31 32 63 77 43 60 41 64 53 40 -27 42 70 44 75 -41 47 97 -14 -50 -26 72 62 54 55 56 57 58 88 82 -24 66 103 85 87 -28 -54 -60 -45 79 -3 96 74 -74 78 -21 -75 98 -46 -70 81 83 -2 93 -77 86 104 -7 89 100 -91 -92 -93 -68 -80 -48 -34 -1 -15 -86 101 120 -66 105 -10 123 109 -108 -109 110 -107 112 114 -114 115 -72 -76 -118 119 -119 -39 122 -73 -35 125 -98
right_child=1 36 -4 -5 -6 13 -8 -9 10 11 -12 24 15 21 -16 17 -18 -19 -20 34 -22 -23 35 26 50 39 65 -29 -30 -31 -32 -33 71 52 -36 -37 -38 38 -40 45 -42 -43 -44 68 51 -47 95 -49 49 -51 -52 -53 61 -55 -56 -57 -58 -59 67 -61 -62 -63 -64 -65 102 -67 80 -69 69 -71 111 121 73 76 116 84 -78 -79 94 -81 -82 -83 -84 -85 99 -87 -88 -89 -90 90 91 92 -94 -95 -96 -97 124 -99 -100 -101 -102 -103 -104 -105 -106 106 107 108 -110 -111 -112 -113 113 -115 -116 -117 117 118 -120 -121 -122 -123 -124 -125 -126 -127
leaf_value=-0.069781036401827187 -0.072841560897361893 0.062913905938140405 0.070140240240404231 -0.078004452802902316 0.069532055479931187 0.026561962213870072 -0.076462558324747909 0.024744003757831548 -0.040597435526390113 0.044796192507355274 -0.083179767689613784 0.028674871625303577 -0.0657889838025741 0.049709349488527239 -0.087069117477979838 -0.066713122735176295 0.023078531529496182 -0.088354856053074152 0.0089875695084346719 -0.059408332234556188 -0.065722539122637327 0.066432812054051438 -0.0056518076801414362 -0.036949837172388471 0.033156029119445853 0.031979520541177406 0.0062622605496581718 0.07070100406753578 -0.055658062584599315 0.057044926746268244 -0.068340756225531818 0.036913098887919153 0.0020708176556391332 0.013187432024144364 0.045178825719976091 0.019900490856998923 0.067077320491448697 0.0074611574944375746 0.067501003523817368 -0.019143285449529708 -0.037363116395636914 0.069104079520869041 -0.0077216079020726277 -0.041932932156841296 -0.037711253297448094 -0.055403826974061349 -0.071550597895511853 0.0064004184650294747 -0.015073472307627704 -0.053881896068288693 0.0010375743166466307 -0.081696470780386277 0.049148121918752098 0.037116331664399843 -0.063882998437304925 0.063868877206705074 -0.041453241189236212 0.054247970493081554 -0.046190716480279337 -0.031608384029471082 -0.045236935498001368 0.056441162011512613 -0.017767536851641643 -0.0064405007153168952 0.041687600723387272 0.043299915199809066 0.0052129603222205124 -0.00012812550411981201 -0.021760010768257385 -0.065283710235407855 0.041019539287455914 -0.002163876795136127 0.0094322724969393146 -0.0056155309829349423 -0.052083773595781625 -0.064375622711139419 -0.046668712852420899 0.056409087424146014 -0.0083516765257930815 0.013448985909701207 0.044135309044182613 -0.015883277322650203 -0.054995234452048562 -0.0109214811081887 -0.042253109959653763 -0.059641045850263065 0.0044334626799725487 0.0075802092445119056 0.03440566029592753 0.021651395427274938 -0.0046597297924903169 0.03899811785432266 0.0060699624389608546 0.049935667614968926 0.037843684999690867 -0.046076480471411815 0.017325144920230014 -0.027733922800813299 0.033492052829372017 -0.0064846162792920707 -0.016210862635567012 0.036010140186618647 0.026297109556008842 0.04730586021118062 -0.019105911901752461 0.0023057996206212214 0.040540619616208286 0 0.028612145398480573 0.01479769796292346 -0.034904662529020629 0.058158653446030752 0.04781697641783525 -0.0028903728000360444 0.05955358941664618 0.0051191858796610064 -0.038358824458105019 0.030049644044939722 -0.039534408347237301 -0.030289939251257794 -0.019576893266482095 -0.028627494018284405 0.032320322338135442 0.040759797239713472 0.011668639970153286 0.048268179269611654
leaf_weight=15.986893534660338 116.20442179590464 58.812163911759853 357.67032659053802 307.69760575890541 630.35003048181534 55.638956472277641 687.75690007209778 183.19276285171509 14.187649875879286 90.112961575388908 40.801498413085938 39.195250451564789 44.5395378023386 61.174780339002609 16.116146564483643 178.28403460979462 94.908705204725266 109.18247467279434 110.84770631790161 112.92359703034163 116.80283260345459 101.63491728901863 31.709732830524445 44.53759802877903 52.355466306209564 17.329973466694355 27.873296916484833 27.180154085159302 16.673518419265747 22.206708528101444 21.944879457354546 69.560601457953453 76.335547842085361 11.189663656055929 6.9977053701877585 39.293434292078018 745.23183253407478 22.07981658726931 12.0170841217041 49.491321697831154 17.364018619060516 80.432702720165253 23.964193165302277 52.033769965171814 6.7130595743656185 74.02653594315052 225.27940206974745 12.40850520133972 55.442328989505768 56.014716029167175 53.909617483615875 9.2301125973463041 22.754854947328568 28.34643666446209 11.004192709922789 14.222783803939818 21.169946379959583 14.205736964941023 14.086829379200934 27.612313613295555 31.058210372924805 45.165180966258049 13.76352299749851 266.10610897839069 88.984884820878506 25.798623740673065 7.2610218301415506 18.43729242682457 184.58166658878326 8.1722810715436918 32.507656469941139 164.66898965835571 22.789055317640305 15.580199003219603 20.805792927742004 23.591149874031544 18.285517796874046 135.10959522426128 7.1548036485910398 9.268034949898718 9.3816921859979612 15.015684098005293 81.552954725921154 6.3451780825853339 171.62486530095339 4.8935343623161307 19.487006209790707 45.316585972905159 13.555580981075762 66.565503418445587 42.401860915124416 12.188422888517378 37.806915871798992 10.898550704121588 5.9643111228942871 21.213864207267761 20.865110963582996 8.6025397256016749 77.510148979723454 6.3765302896499625 18.69410652667284 5.1328553259372702 49.756582081317902 7.9941970556974402 127.25367388129234 6.7668301016092318 14.097549602389334 17.590958803892136 17.604295805096626 8.7304284125566465 6.9049271643161774 17.316702336072922 13.230906032025816 13.305529460310934 17.516501314938068 8.9282896816730482 81.858397290110588 8.9512481167912501 24.003344096243382 8.9939484596252424 7.9828894659876815 5.3636364340782157 5.1419064104557028 16.532114423811436 137.79217533022165 5.8458621352910987
leaf_count=132 1174 710 19 21 47 694 63 16 168 65 5 41 140 727 3 101 63 49 39 1205 84 48 68 71 76 53 68 8 6 33 45 81 916 120 12 44 2444 245 3 60 51 20 20 622 69 98 1186 39 76 77 27 21 215 50 8 11 83 35 64 96 32 232 28 2996 1087 39 74 55 1846 23 249 1663 80 75 149 291 46 1641 76 50 31 92 466 41 1806 24 155 482 101 796 426 124 300 91 52 25 256 61 893 65 192 37 532 38 1412 68 96 110 74 57 47 41 71 31 53 38 698 54 145 51 75 18 32 161 1675 72
internal_value=-8.14627e-05 0.0162873 0.00706148 0.00228746 0.00787815 -0.00235649 -0.0496075 -0.0356793 -0.0186445 -0.0289333 -0.00399904 0.00466546 -0.0453412 0.0263873 0.0155533 -0.038706 -0.0274013 -0.0518151 -0.0377427 -0.0417598 -0.0403554 0.0363318 0.0312399 -0.0284682 -0.00733463 -0.0205168 -0.00334057 0.0182625 0.0158309 -0.000551413 -0.00197741 -0.000312002 -0.00341153 0.0390923 -0.036077 -0.00808475 0.0627419 0.0179165 0.0105267 -0.0328385 -0.0026602 0.0503718 0.0418994 -0.0368506 -0.0416675 -0.0411855 -0.0653441 -0.0359456 -0.0441337 -0.0349275 0.0170701 -0.0303947 0.0277544 0.00835639 0.00568161 0.00837726 0.00547143 0.00926458 0.00657822 -0.0618093 -0.0257196 0.0385661 0.0170597 -0.0116831 0.0289016 0.0246231 0.026609 -0.0210106 -0.0263779 -0.02216 0.0492901 0.00517193 -0.0278723 -0.0133337 -0.0327401 -0.0497846 -0.028628 0.0487926 -0.00458043 -0.0199906 0.0152463 0.00734505 -0.0658208 0.0218393 -0.0441025 -0.0199773 -0.0183795 0.0182485 0.0106384 0.00894757 0.0126 0.00586355 0.0148029 0.0335199 0.0134887 -0.0695735 0.0103537 -0.056925 0.0409861 -0.0410431 -0.00176843 0.00600046 0.0364316 0.0216913 -0.0215667 0.0191312 0.0142478 0.022762 0.0145793 -0.00444497 -0.0172447 0.0409171 0.0367348 0.0230288 0.0423338 0.0337048 -0.0365096 -0.0334559 -0.0231015 0 0 -0.00194213 -0.000907313 0.0306512 0.0141313 0.0257751
internal_weight=8128.2 6109.53 5098.28 4740.61 4432.91 3802.56 2018.67 1330.92 2427.51 1425.05 1002.45 393.785 1147.72 1375.05 659.565 864.232 465.918 398.314 289.132 1031.27 371.009 715.487 613.853 254.206 303.672 197.407 98.2095 643.449 616.269 961.653 939.447 917.502 847.941 511.791 805.899 102.061 1011.25 599.595 359.898 158.212 34.694 266.015 185.582 798.902 544.846 123.518 283.491 36.9979 155.997 111.457 106.265 230.33 237.997 347.881 319.535 308.531 294.308 273.138 258.932 225.37 62.7679 116.822 121.174 431.928 239.697 53.6719 71.657 32.5241 254.056 202.022 161.618 416.013 221.1 56.6548 164.445 314.516 33.8657 273.795 19.8322 193.85 48.9021 39.5204 197.757 24.5048 201.593 165.822 160.928 100.956 226.408 212.852 158.963 92.3972 49.9953 18.1596 13.1191 246.493 240.839 24.5894 138.685 178.001 53.8897 35.1956 138.741 107.411 141.441 99.4168 71.695 49.2928 35.1953 22.4022 13.6718 102.806 85.4889 26.5364 58.9524 41.4359 144.613 123.807 41.9485 17.9452 30.0627 175.175 169.811 27.7218 164.503 26.711
internal_count=35732 33403 29726 29707 29686 29639 2329 2266 19194 9643 9551 471 2250 10445 5417 807 618 189 140 9172 555 5028 4980 471 406 303 178 5414 5406 9546 9513 9468 9387 4836 7436 144 3677 5400 2605 262 104 1233 1213 7424 4883 158 1443 232 293 153 103 1516 1575 2602 2552 2544 2533 2450 2415 1736 100 776 799 4755 2795 107 544 119 2541 1919 1193 4632 1495 201 1294 3367 121 3261 197 1896 329 298 1640 206 2162 1759 1735 1176 2296 2195 1646 850 424 165 128 1211 2919 193 1620 1871 549 357 1619 771 1580 733 452 280 184 172 115 483 442 102 340 287 1097 948 250 105 320 1713 1695 281 2003 328
is_linear=0
shrinkage=0.05


Tree=11
num_leaves=127
num_cat=0
split_feature=8 5 1 5 3 2 1 2 5 7 5 1 2 8 1 7 0 5 2 0 0 0 7 7 0 7 5 1 5 5 8 1 3 3 5 5 0 5 3 3 0 3 8 0 3 3 0 8 1 3 2 0 1 3 3 5 2 2 2 1 1 1 3 8 2 5 5 3 1 0 3 8 7 3 3 0 2 3 0 7 0 5 0 2 5 3 2 5 1 2 5 3 5 2 0 3 1 7 3 1 5 5 3 2 0 0 7 5 0 3 2 0 5 5 7 7 2 2 7 0 3 7 0 5 3 3
split_gain=2417.93 980.159 551.352 517.106 286.057 306.496 280.795 257.167 126.328 94.6471 89.9267 89.0145 76.9313 73.0646 231.401 74.273 70.0461 53.6615 38.1425 60.7092 37.476 42.9489 35.1417 37.6204 33.5521 86.9026 32.4535 23.8697 27.8754 23.48 23.2735 28.0527 22.5927 20.4021 19.9486 18.4078 18.3757 16.6922 15.2499 18.6988 14.6507 13.3959 13.3785 48.9363 12.6529 12.4141 18.1315 11.8254 11.585 11.0668 26.7612 10.676 10.6292 9.55805 9.20183 8.78685 7.79008 7.74494 7.73312 6.35894 6.18644 6.14914 5.93174 5.43897 7.81706 6.11147 5.18331 5.02486 4.86713 4.36078 11.357 4.35144 4.85445 4.29825 4.21623 6.06735 3.8867 3.94558 7.52212 3.8505 3.62803 4.25951 3.53568 3.46822 3.27597 3.19836 3.16631 3.05758 3.8113 20.0422 3.01349 2.8584 2.78974 2.83593 2.63945 3.78386 3.35476 2.91389 2.5603 2.4939 2.46271 2.43905 2.43125 2.3917 2.27313 2.25922 2.14081 2.21041 2.1243 2.66142 2.05595 2.04932 2.27953 1.98996 1.82003 1.73662 1.58505 1.96252 3.28915 2.0677 1.55237 1.48183 2.02274 1.48509 1.48415 1.47565
threshold=-1.4999999999999998 10634.500000000002 51858.500000000007 23.500000000000004 51325.000000000007 54385.500000000007 27156.500000000004 54385.500000000007 -3763.4999999999995 5.5000000000000009 2180.5000000000005 44716.500000000007 47926.000000000007 -3.4999999999999996 40907.500000000007 6.5000000000000009 49386.000000000007 -4338.4999999999991 44324.500000000007 38358.000000000007 30501.500000000004 40242.500000000007 4.5000000000000009 7.5000000000000009 40242.500000000007 7.5000000000000009 -12031.999999999998 22842.500000000004 -840.49999999999989 4445.5000000000009 -1.0000000180025095e-35 40907.500000000007 13889.500000000002 33076.500000000007 13643.500000000002 -4167.4999999999991 36825.500000000007 -10210.499999999998 37730.500000000007 33076.500000000007 8445.5000000000018 30477.500000000004 2.5000000000000004 30501.500000000004 35845.500000000007 29069.500000000004 21551.000000000004 -1.0000000180025095e-35 29413.500000000004 34238.500000000007 39484.000000000007 31183.000000000004 25448.500000000004 22393.500000000004 3484.5000000000005 543.50000000000011 18677.500000000004 27574.500000000004 35403.500000000007 22590.500000000004 30961.500000000004 2976.5000000000005 19705.000000000004 1.5000000000000002 25304.000000000004 1834.5000000000002 -2181.4999999999995 9403.5000000000018 20867.500000000004 15255.500000000002 14344.000000000002 1.5000000000000002 6.5000000000000009 24298.500000000004 20073.500000000004 7875.5000000000009 28552.500000000004 23970.000000000004 25611.000000000004 1.0000000180025095e-35 23613.500000000004 12515.500000000002 22852.500000000004 18677.500000000004 6294.5000000000009 23403.500000000004 30083.500000000004 -18977.499999999996 32775.000000000007 35403.500000000007 -1618.4999999999998 24956.000000000004 -11269.999999999998 24030.500000000004 13513.500000000002 14225.500000000002 10642.500000000002 3.5000000000000004 19893.000000000004 5548.5000000000009 -6243.4999999999991 1333.5000000000002 9403.5000000000018 5860.5000000000009 975.50000000000011 27109.000000000004 4.5000000000000009 -587.49999999999989 10463.000000000002 16775.500000000004 1112.5000000000002 5459.5000000000009 -3893.4999999999995 -2755.4999999999995 2.5000000000000004 2.5000000000000004 6378.5000000000009 24987.500000000004 4.5000000000000009 6651.5000000000009 6926.5000000000009 1.5000000000000002 5619.5000000000009 878.50000000000011 9583.5000000000018 5845.5000000000009
decision_type=2 2 2 2 2 2 2 2 2 2 2 2 2 2 2 2 2 2 2 2 2 2 2 2 2 2 2 2 2 2 2 2 2 2 2 2 2 2 2 2 2 2 2 2 2 2 2 2 2 2 2 2 2 2 2 2 2 2 2 2 2 2 2 2 2 2 2 2 2 2 2 2 2 2 2 2 2 2 2 2 2 2 2 2 2 2 2 2 2 2 2 2 2 2 2 2 2 2 2 2 2 2 2 2 2 2 2 2 2 2 2 2 2 2 2 2 2 2 2 2 2 2 2 2 2 2
left_child=4 2 3 6 5 9 8 10 22 12 30 24 49 16 15 51 20 -17 19 29 -11 -22 37 45 25 26 -8 28 61 40 -5 36 84 42 38 -28 41 59 39 56 99 54 48 -44 58 46 62 -39 71 50 87 -15 86 -48 55 -32 -3 -55 60 -2 76 90 -24 64 65 82 68 -67 74 100 -71 72 73 105 75 -63 77 78 -42 -68 98 91 83 94 120 -73 -29 -1 89 92 -10 -82 -89 -94 96 -96 121 -97 -58 -12 -49 104 -77 -102 -57 -34 107 110 -104 113 -30 -105 -113 -110 -72 -115 -81 118 119 -118 -31 122 -56 124 -123 -101
right_child=1 34 -4 7 -6 -7 11 -9 27 13 18 -13 -14 14 -16 17 -18 -19 -20 -21 21 -23 23 -25 -26 -27 35 52 106 32 31 -33 33 -35 -36 -37 -38 47 -40 -41 44 -43 43 -45 -46 -47 53 69 -50 -51 -52 -53 -54 57 63 101 80 -59 -60 -61 -62 66 -64 -65 -66 67 79 -69 -70 70 114 85 -74 -75 -76 102 -78 -79 -80 116 81 -83 -84 -85 -86 -87 -88 88 -90 -91 -92 -93 93 -95 95 97 -98 -99 -100 125 103 -103 108 111 -106 -107 -108 -109 109 -111 -112 112 -114 115 -116 -117 117 -119 -120 -121 -122 123 -124 -125 -126 -127
leaf_value=-0.070807897573506848 -0.06510681431212427 0.059163172259354496 0.037120160472287674 -0.050659454573273893 -0.074407274483067012 0.03375899807970649 0.029498913427251073 -0.068395228565152608 -0.052021241812261955 -0.066937693932147477 0.041625358139883543 0.055028964582203202 0.015266636972712437 -0.0069550043815453559 0.048442409113374441 -0.072636611994002592 -0.079260281890581374 -0.021892914900133537 0.063032083948984005 -0.010959588643843599 0.0083753990247476644 -0.046797967489661092 -0.0024017801555544678 -0.068522257788369734 -0.013421827917528896 0.062532552592273805 -0.050778106448588572 0.017178115123825288 -0.035737605414964763 0.049750358016659099 0.0055310851375177149 0.069210938735227392 0.022169410709361362 0.06664327182951317 0.065716321158283228 -0.0018981746246399551 -0.024868988509967559 0.0056217467130701762 0.06776306020767324 0.0024884519791181139 0.012545339992409518 0.06221135928822883 0.044584037291109907 -0.05584531745389304 0.06491427387442715 -0.031824275286655768 0.052199858983526075 -0.055875109804747802 0.054946792902592273 -0.077987178603795337 -0.0019390120931526576 0.039512922101006945 -0.013685564761069819 -0.016131051528751755 -0.0038649927205328827 0.033765873982955885 0.030235002405034617 0.027404764727837511 -0.037556634327886834 -0.032776593159438698 0.05044429089766387 -0.041487598963094091 -0.060464029485440496 -0.024277101567353784 0.037617322882578734 0.032901574549312494 -0.0061083445344088088 -0.00078204639235840911 0.0025432554088866549 0.021738914562264445 -0.025755012838923026 0.050202124054834089 -0.0082750773489572074 -0.011479566824073018 -0.060506043572369328 0 -0.013062048618176798 0.03576490739149845 -0.034477855304613871 -0.034382225249288016 0.030419660656422265 0.021912378550047559 -0.024975144635458104 0.022435296708256572 0.05494969976109379 0.01180239315111224 0.051663903433370066 -0.066925152850002625 -0.078324135454424904 0.00074516681597577264 -0.030581365640825808 0.062563431759796548 -0.064693071876621683 -0.041761576346640628 -0.030958050084481922 0.017658837531668591 0.016004993370519107 -0.015771882241164627 -0.0058593706420833301 0.018799380801405016 -0.063461408971123248 0.031574009947271074 -0.04100424805054545 -0.017327249301265946 0.014328120520159757 0.051723510785848706 0.0151290339881845 -0.0065360360216199943 -0.019932417940065877 -0.037519614739522852 -0.01237620972140286 -0.04462190329065855 -0.012297017269023606 0.01861705152386333 -0.044993131421591184 -0.012656092134768647 0.0032434283825426621 -0.047554730867312933 0.0085834364968068368 -0.022661601693631489 0.03467911566393888 -0.019720503405663434 0.010786405426741405 -0.00035847589720704377 0.0085037573363928153 0.03512164550535575
leaf_weight=112.64771501719952 197.56514640152454 75.197307556867599 1154.291708946228 15.972149096429346 671.84677934646606 146.35554575920105 35.822651371359825 84.270361185073853 33.077686183154583 48.861324191093445 67.37071018666029 103.80950427055359 31.886516332626343 23.977270871400833 101.69552659988403 129.48497800529003 114.99639189243317 89.257664360105991 79.832550287246704 94.140276610851288 78.395763576030731 62.575770795345306 7.5427421331405666 33.155370518565178 169.64332401752472 66.221701011061668 39.571657821536064 15.411396212875845 11.220883138477801 44.170773394405842 159.95025254040956 17.609828054904938 104.77767623960972 29.795981466770172 723.21226486563683 37.24259540438652 41.640689730644226 11.210792154073713 78.004596531391144 27.831662446260452 165.34582430869341 10.658236265182493 25.752579905092716 21.188548520207405 10.475469529628752 35.432660043239594 14.348283931612967 112.50436510145664 34.43290214240551 125.49168464541435 19.465141594409943 23.65530064702034 16.599219024181366 19.782970488071442 53.28209263831377 18.528078839182854 9.7807729467749613 19.040360063314438 6.9830968379974356 20.612477943301201 9.405271112918852 64.27334201335907 10.548690825700758 17.291199460625648 15.186030566692351 25.534967511892319 50.993058405816555 18.434300690889359 10.086790606379507 7.2309707179665557 22.916486792266369 21.501177839934829 14.167886480689047 8.1923106759786588 12.750631697475908 12.595918245613573 15.092296928167341 15.99667929112911 7.9636757522821418 25.102779522538185 15.337815865874289 22.435946941375732 13.497181355953215 15.705032207071779 136.19424617290497 8.6266612187027913 14.408717989921568 86.530642837285995 26.396167665719986 14.844766736030577 51.132038481533527 23.970796123147011 29.280777491629124 52.05036436766386 15.74696961045265 11.31869497895241 31.288214348256588 12.842417225241659 8.1670137047767621 37.593888103961945 16.792404942214489 49.418889828026295 14.931328348815439 11.527094937860964 98.623443625867367 6.9862319454550734 8.6175699159502965 259.72692583501339 28.597337372601022 14.010535366833208 61.001465924084187 96.784776024520397 7.2110195755958548 7.2581954598426917 68.132164843380451 8.5297893360257131 7.8305122926831237 5.4420880973339072 10.076991029083727 86.035075433552265 62.299056574702263 26.177539698779587 40.349910102784634 38.46505269408226 4.7565335258841506 30.869766682386398
leaf_count=601 1763 860 66 16 63 20 45 9 402 92 835 18 11 65 35 102 20 76 29 78 87 29 63 66 93 76 68 73 133 535 1931 7 875 33 2444 71 30 63 20 27 1609 18 110 46 8 75 60 1214 73 140 14 37 43 81 571 231 69 55 8 69 18 685 65 60 52 292 553 158 45 67 178 160 80 30 62 147 38 58 42 246 74 79 63 107 1687 40 28 511 35 25 609 56 197 169 158 106 295 111 48 387 188 631 163 110 1209 28 59 2952 274 108 665 1056 78 70 446 79 81 23 71 866 727 287 418 424 53 384
internal_value=-7.39068e-05 0.0157006 0.00678997 -0.0022158 -0.0478533 -0.0342661 -0.0199852 0.0164764 -0.0301429 -0.0427903 0.0204631 0.014624 -0.05932 -0.0304651 -0.0153864 -0.0398635 -0.0485459 -0.0521473 0.0298475 0.0270758 -0.0295958 -0.0162374 -0.0455832 -0.022815 0.00245116 0.017525 -0.00920929 -0.0168419 -0.0189124 0.0311343 0.00722174 0.0085511 0.0380175 0.0279941 0.0613247 -0.0274724 0.00696374 -0.051087 0.0489193 0.0405225 0.0213295 0.0089627 0.0230342 -0.00086332 0.0135428 -0.00806079 0.00396233 -0.0440501 0.0286813 -0.0644484 -0.0592411 0.0163571 0.0176539 0.0187391 0.00801162 0.0139959 0.0472649 0.00524693 0.0108012 -0.0622387 0.0125714 -0.0271793 -0.0379122 0.0022236 0.00373018 0.00192334 -0.0241523 0.018965 -0.0304714 -0.0456993 -0.0357325 0.0228457 0.0186648 0.0219301 -0.0325486 -0.0297576 0.0105673 0.0125361 0.0101705 -0.0180987 0.0353817 0.0411635 -0.000963159 0.000408004 0.049212 0.0400999 0.0351391 -0.0626755 -0.0579545 -0.0545741 -0.0395733 0.0512111 -0.0594713 -0.0507636 -0.00113678 -0.0126929 0.00126378 0 0.0141042 0.0343541 -0.0495183 0.022013 -0.0205494 -0.0436972 0.0177044 0.0245034 -0.00810297 -0.00876472 -0.023992 -0.0189408 -0.0165126 -0.0402614 -0.0425666 -0.0122686 -0.0405377 0.0016758 -0.0225295 -0.0194772 -0.0175204 -0.0204364 0.0413829 -0.00161514 0.00244333 -0.00711869 -0.0150937 0.0266306
internal_weight=8017.99 6028.29 5044.36 3890.06 1989.7 1317.85 1994.36 1895.7 1542.05 1171.49 1811.43 452.311 498.594 672.9 368.071 266.375 304.829 218.743 1059.16 979.323 189.833 140.972 712.339 139.851 348.502 178.859 112.637 829.71 783.291 885.183 752.278 736.306 518.086 275.422 983.938 76.8143 718.696 572.488 260.726 182.721 367.097 677.055 245.626 46.9411 231.262 106.696 71.263 354.31 198.685 466.707 341.216 47.6326 46.4193 53.1716 666.397 326.521 154.89 38.8233 220.787 218.178 213.804 442.724 18.0914 339.876 322.585 307.399 358.514 43.9693 173.034 343.099 98.2796 164.252 134.124 119.956 162.947 150.196 204.398 189.306 173.31 185.481 79.6923 61.7446 263.43 249.932 242.664 30.1278 29.8201 321.75 209.103 182.707 84.2097 39.3086 167.862 81.3311 234.227 39.9081 194.319 24.1611 17.9478 135.834 244.82 166.57 85.9231 132.315 117.152 111.764 340.567 331.949 73.3272 58.3959 72.2223 115.523 103.996 44.3853 91.0487 15.788 134.487 109.385 103.943 93.8656 106.47 163.031 93.632 69.3991 30.9341 68.4637
internal_count=35732 33403 29726 29660 2329 2266 14505 15155 14134 2246 15146 371 1703 543 315 280 228 178 7918 7889 208 116 5697 465 353 260 184 8437 8293 7811 7228 7212 4424 1475 3677 139 7205 5232 1233 1213 3387 7175 1442 156 1781 399 324 3400 1286 1692 1552 102 144 196 7157 4002 1186 136 1773 1832 1765 4484 128 3155 3095 3043 3473 450 1633 3337 691 1213 1013 933 1588 1526 1747 1709 1651 1840 326 209 2593 2530 2949 200 101 1538 937 902 1011 130 877 366 2423 375 2048 217 117 1606 2646 2071 841 1432 1440 903 3809 3750 694 531 798 1244 1134 423 624 149 1287 1041 1018 947 1262 1753 989 764 340 771
is_linear=0
shrinkage=0.05


Tree=12
num_leaves=127
num_cat=0
split_feature=8 7 3 2 8 1 7 3 7 8 7 1 7 4 3 2 3 8 1 4 7 2 1 3 0 2 4 1 3 0 4 4 7 4 3 3 4 7 2 4 7 8 3 4 2 1 0 3 0 1 2 2 4 3 7 3 0 1 2 2 3 2 4 2 3 0 0 3 4 4 3 4 3 4 4 3 1 0 3 4 8 4 2 4 2 2 4 2 4 2 4 1 0 3 0 2 1 3 4 3 4 3 4 3 3 0 4 3 4 2 3 1 3 2 4 3 3 2 0 0 4 3 0 1 2 4
split_gain=2221 844.15 271.422 281.008 191.037 183.791 88.6623 81.4926 107.41 78.6657 77.9298 75.9457 321.76 75.4714 97.0173 71.691 68.9724 66.9467 211.393 78.1902 68.3103 52.5029 82.7139 48.4152 46.1512 38.7679 33.3672 32.651 34.7808 31.5177 33.723 28.6007 26.2327 25.2392 25.0651 42.6372 22.5596 21.3096 20.7985 19.0905 18.2645 16.0691 20.7829 35.8623 15.681 24.8146 27.9578 23.4858 20.6639 15.3109 16.7136 14.7499 14.4098 14.3623 14.3221 14.7739 14.2384 12.0722 20.274 10.8597 10.5917 25.1248 10.0337 9.65999 9.64304 9.60621 9.31583 9.26388 16.5288 13.0965 8.42766 13.7414 15.3153 10.621 9.61881 8.29502 7.17244 6.96695 6.86323 6.29513 6.2806 6.91501 16.8789 8.14399 15.2716 6.60913 6.17951 6.15599 7.87663 7.2593 6.06362 5.89537 5.80658 6.87955 5.78564 6.06433 6.59366 5.72317 6.49612 5.6194 5.1812 5.1643 8.87187 4.7237 4.6424 8.87049 4.49289 4.48969 5.74926 4.46875 4.4341 4.22356 4.20808 24.0186 4.18802 7.95599 4.17522 4.10718 4.574 4.05312 3.85206 9.53474 8.00218 3.93947 4.26341 4.57901
threshold=-1.4999999999999998 5.5000000000000009 51325.000000000007 54385.500000000007 1.0000000180025095e-35 44716.500000000007 5.5000000000000009 12065.000000000002 2.5000000000000004 3.5000000000000004 3.5000000000000004 51858.500000000007 8.5000000000000018 193946.50000000003 37730.500000000007 47926.000000000007 21027.500000000004 -3.4999999999999996 40907.500000000007 193946.50000000003 6.5000000000000009 24030.500000000004 30096.000000000004 5248.5000000000009 30501.500000000004 36508.000000000007 162168.50000000003 23078.000000000004 27351.500000000004 38358.000000000007 179318.00000000003 179318.00000000003 1.0000000180025095e-35 179318.00000000003 39750.500000000007 33076.500000000007 21789.000000000004 2.5000000000000004 36508.000000000007 132134.50000000003 4.5000000000000009 4.5000000000000009 25664.000000000004 169579.00000000003 15995.500000000002 22842.500000000004 24983.500000000004 23136.500000000004 26738.500000000004 35203.000000000007 31902.500000000004 14621.500000000002 142243.00000000003 34238.500000000007 3.5000000000000004 10166.000000000002 27910.500000000004 16522.000000000004 15611.500000000002 27574.500000000004 34238.500000000007 39484.000000000007 49845.000000000007 29582.500000000004 33076.500000000007 29892.500000000004 42276.500000000007 8241.5000000000018 29288.000000000004 51324.000000000007 4048.5000000000005 13806.500000000002 2732.5000000000005 15804.500000000002 9988.5000000000018 3100.5000000000005 10963.500000000002 28846.500000000004 1831.5000000000002 106361.50000000001 -1.0000000180025095e-35 49845.000000000007 14132.500000000002 66384.000000000015 17573.500000000004 10482.500000000002 89164.500000000015 7551.5000000000009 36026.500000000007 10186.500000000002 6393.0000000000009 16908.000000000004 15375.500000000002 14472.500000000002 24178.500000000004 19925.500000000004 18638.000000000004 6836.5000000000009 33449.500000000007 28495.500000000004 17107.500000000004 6743.5000000000009 22532.500000000004 18701.500000000004 16491.500000000004 18126.500000000004 58146.500000000007 6572.5000000000009 22913.500000000004 21557.000000000004 1369.5000000000002 2680.5000000000005 26872.000000000004 35403.500000000007 46117.500000000007 8620.5000000000018 13889.500000000002 12301.500000000002 13738.500000000002 24436.500000000004 58146.500000000007 15704.500000000002 17697.000000000004 24451.500000000004 26039.000000000004 82359.000000000015
decision_type=2 2 2 2 2 2 2 2 2 2 2 2 2 2 2 2 2 2 2 2 2 2 2 2 2 2 2 2 2 2 2 2 2 2 2 2 2 2 2 2 2 2 2 2 2 2 2 2 2 2 2 2 2 2 2 2 2 2 2 2 2 2 2 2 2 2 2 2 2 2 2 2 2 2 2 2 2 2 2 2 2 2 2 2 2 2 2 2 2 2 2 2 2 2 2 2 2 2 2 2 2 2 2 2 2 2 2 2 2 2 2 2 2 2 2 2 2 2 2 2 2 2 2 2 2 2
left_child=2 7 3 6 11 9 15 8 23 21 37 12 13 14 33 60 40 19 20 24 39 57 25 36 -8 27 -26 77 -29 52 -31 38 101 44 35 49 70 80 -22 -19 94 42 -11 64 -3 48 47 -47 91 50 56 76 63 65 55 114 59 58 -6 86 61 112 -57 -24 99 79 -48 68 107 87 71 72 74 -72 78 -73 -39 -23 90 120 -9 85 106 -84 -85 -82 -18 -69 -89 -90 -2 -46 93 -42 95 96 116 -70 -99 -44 -77 102 -25 -97 -94 -106 -83 108 -34 -88 -92 -74 113 -1 115 -10 -12 -78 -119 -111 -53 122 -122 124 125 -123
right_child=1 4 -4 -5 5 -7 17 10 54 41 16 -13 -14 -15 -16 -17 34 18 -20 -21 31 22 29 32 26 -27 -28 28 -30 30 -32 -33 67 -35 -36 -37 -38 51 -40 -41 92 -43 43 -45 45 46 66 -49 -50 -51 -52 53 -54 -55 -56 62 -58 -59 -60 -61 -62 -63 -64 -65 -66 -67 -68 69 97 -71 73 75 111 -75 -76 100 117 -79 -80 -81 81 82 83 84 -86 -87 109 88 89 -91 110 -93 104 -95 -96 103 -98 98 -100 -101 -102 -103 -104 -105 105 -107 -108 -109 -110 119 -112 -113 -114 -115 -116 -117 -118 118 -120 -121 121 123 -124 -125 -126 -127
leaf_value=-0.05920028071474645 -0.0014792749401703372 0.048922677690028366 -0.072545568805020666 0.032352106298027518 0.046537246741393506 0.068495280742477418 -0.064552062045082612 -0.073160255950812991 0.029197342628565832 0.059574642890157653 0.018458870889183784 0.030056170459723204 -0.05729903481436513 0.073887905953881533 -0.032806928801130446 0.014526473787195468 -0.043258983455691152 -0.015182852711531051 0.046519260523353367 -0.075202941187084191 -0.0012759815458329334 -0.027579955697286954 0.050061775664989698 -0.038327828479482358 0.019527696028612134 -0.080002173089395903 -0.032805027431721985 0.036580060932861168 -0.023991715723410859 -0.007372732220501662 0.033980270541665379 -0.068302145308743234 -0.02440240381375158 0.075683377631365595 0.028379791715497787 -0.086595569513400875 0.030161055597468112 -0.041531516905454161 -0.047435768544079576 0.046961828856827648 0.029864699673553121 0.064733499398781716 0.018301271041585056 0.066834642731772698 -0.013533052275523509 0.025381469260036118 0.043755335494562252 -0.051644413195949646 -0.03938841640722282 0.032199830279680292 -0.071948043076366167 -0.055043929737278813 0.065784728049824132 0.040956852843214986 0.043279505762036888 -0.018126607225546064 0.013230577366820137 0.053855150845869872 -0.055133931203128851 -0.058742023829666395 -0.075865013263417602 -0.0018469283151373703 0.016647862589160848 0.0016673770323911204 0.035453800291525978 -0.075390532136586627 0.017095436735171991 0.011876573596264123 0.038212954485945097 0.024357198822088616 -0.044923653865136262 0.037342050585292427 -0.036438640315325233 -0.0053823313215829675 0.017888885817377315 -0.0013626413682268966 0.022690753679602618 -0.081085800370581745 -0.014409223064696892 0.0041544891142912968 -0.0018584014238166764 -0.010342050565276541 -0.052015800573372864 0.021744430728967597 -0.037134509288919162 -0.057700015258768882 0.016506045995256801 -0.044659986316061995 -0.0023155663285145396 -0.027860564539592205 0.032949263626571683 0.020230841242758285 0.05595790312292237 -0.03735389903166552 0.046453232995788241 0.0031237771105665918 0.035750050399809843 -0.0098774664499696879 0.025077174417830028 -0.011521912807426496 0.02364447549960437 -0.046053160594656757 0 -0.03608956476767182 -0.016480817302093217 0.038415009912974633 0.030381713236772485 -0.027411124489739664 0.0030312932819356203 -0.031669030896442345 0.0063284424184120282 -0.011861714453035632 -0.069213408868943366 0.018927603638291074 0.044279436032672863 0.0030700433368080768 -0.0058661860946692106 -0.02207600832383198 0.0089760991084207858 -0.00069672261970591634 -0.015394459208137777 -0.037016869676377309 0.038310286043656334 0.0021826294472546024 -0.060093494043791662 -0.016220929153621683
leaf_weight=185.64290434867144 314.18367540836334 58.082235656678677 655.08409398794174 145.15851354598999 12.626142449676992 556.2447923719883 48.187745124101639 13.61224242299795 135.89704546332359 97.56119778752327 26.236211910843849 992.99614596366882 145.84074121713638 70.626787185668945 75.893433958292007 31.886592388153076 15.70698595792055 24.166961938142776 100.67228245735168 133.3186719417572 37.848705142736435 14.336146526038648 19.853978946805 43.600655026733875 59.329387068748474 21.244811028242111 60.485512852668762 46.283717848360538 46.489185020327568 89.282134175300598 107.83673721551895 108.91969120502472 28.818475015461445 25.770715951919556 21.002461105585098 25.741336479783058 64.728639870882034 8.507679268717764 69.167696833610535 23.366367340087891 9.1052564531564695 130.35638948529959 24.97068777680397 41.148334801197052 15.649106763303278 21.119804590940475 143.52886582165956 16.903999581933022 24.414850860834122 13.047768443822859 14.442137598991392 12.673236168920992 58.54285617172718 6.8370926678180686 84.686915449798107 35.129297517240047 29.905726447701454 115.11151149123907 6.6596153676509848 19.164662435650826 122.65173515677452 19.463756799697876 47.642061077058315 20.977336525917053 26.71587735414505 9.7123733162879926 45.633437097072601 11.407026410102842 20.144480116665363 15.467110402882097 20.350591227412224 34.824314497411251 30.808562628924847 86.904972605407238 76.619591273367405 52.237785547971725 20.947166807949543 12.905012175440786 79.437866568565369 15.707291990518568 6.1347866579890242 24.79187586158514 67.994156181812286 12.462939597666262 63.809337854385376 54.819849245250225 12.946343138813971 38.409361444413662 45.137989565730095 74.248088024556637 21.356860607862473 57.487045884132385 30.111344866454601 5.0926420688629142 7.3246550485491744 14.927128277719023 18.094660960137844 26.669996738433838 24.514686174690723 39.303709089756012 32.845558546483517 68.129909686744213 22.669178880751133 14.072799645364283 8.0741950273513776 43.88722487539053 8.1816539540886861 40.252342775464058 51.89810137450695 20.129272043704987 56.660193681716919 44.164491057395935 120.35882573574781 9.8382588028907758 30.567466281354427 37.896323941648006 48.801929280161858 18.6670046672225 28.725228801369667 21.892671465873718 30.928284503519535 85.175915844738483 7.8480645120143881 7.7142286226153365 14.172414064407347 43.301101595163345
leaf_count=1187 3790 689 63 20 157 78 92 93 1696 569 296 53 47 11 51 11 111 72 35 24 84 67 56 387 74 19 38 161 79 81 42 36 235 11 22 35 574 77 58 30 103 367 67 21 122 128 315 60 88 22 30 141 76 14 1028 379 87 887 54 68 140 14 468 44 36 20 36 139 258 156 250 455 374 945 957 638 212 37 955 44 65 245 750 117 446 535 83 467 544 775 268 393 317 53 42 102 142 322 303 68 414 830 256 88 68 298 94 466 570 115 692 534 334 17 353 465 470 189 313 94 320 705 69 40 74 281
internal_value=-7.18643e-05 0.0150922 -0.0462991 -0.0330285 0.0326734 0.0457448 -0.0412684 -0.00503115 0.00129422 0.0321054 -0.0166042 0.0211646 0.00853655 0.0259141 0.0187725 -0.0574314 -0.000279373 -0.0292952 -0.0147857 -0.0467062 -0.0383167 0.0205104 0.0120467 -0.00494498 -0.0237518 -0.0193296 -0.00690263 -0.00797573 0.00624161 0.0270269 0.0152821 -0.0502258 -0.0172523 0.028422 -0.0220956 -0.0283808 0.00193819 -0.028749 -0.0313196 0.0156013 0.0184611 0.0504089 0.0420125 0.0286583 0.0250385 0.0206142 0.0296377 -0.00917923 -0.000437558 -0.0176539 -0.0227407 -0.0198544 0.0498897 -0.0260718 0.0251935 0.0197101 -0.0162178 0.0477485 0.0101953 -0.0261133 -0.0624733 -0.0573488 0.00178921 0.0259526 0.0108006 -0.0282811 0.0374739 -0.01042 -0.00268262 -0.0183922 -0.000237047 0.00165353 -0.00132965 -0.0132767 0.00157445 0.017083 -0.00076076 -0.0550781 -0.00109756 -0.0258194 -0.0395899 -0.0373527 -0.031926 -0.0392569 -0.0272921 -0.0522812 -0.0164997 -0.0224495 -0.0250216 -0.0183434 0.00161571 0.0128538 0.0348504 0.00455369 0.00606119 0.00324056 0.00948912 0.0162385 0.00692783 9.07059e-05 0.00839554 -0.0361605 -0.0253824 -0.0163073 0.0399134 0.0296403 0.000212327 -0.0139221 -0.00688101 -0.00812772 0.0140038 -0.0223736 -0.0607367 -0.0551665 0.0269001 0.0235789 0.00270394 0.00476851 -0.00335493 -0.0160405 -0.028186 -0.02608 -0.00370941 -0.0317534 -0.0336258 -0.030226
internal_weight=7918.69 5963.14 1955.55 1300.46 3182.4 1488.45 1155.31 2780.74 1798.31 932.205 982.431 1693.95 700.951 555.11 484.483 489.842 419.707 665.463 364.142 301.321 263.469 572.149 437.752 1426.49 168.003 141.259 119.815 120.014 92.7729 296.493 197.119 215.936 511.367 408.59 193.979 172.977 915.123 562.724 107.016 47.5333 225.728 360.056 229.7 132.139 382.819 324.737 227.186 38.0238 97.551 147.236 134.188 310.917 99.3742 234.07 371.819 287.132 119.746 134.397 19.2858 89.8399 457.955 335.304 82.7714 40.8313 90.9903 227.233 189.162 376.968 192.298 184.67 850.394 743.139 623.231 107.256 548.258 119.908 76.8471 27.2412 471.639 217.521 251.807 238.195 177.24 144.266 76.2723 60.9546 70.6753 169.202 157.795 119.386 392.201 73.1362 96.2707 14.1979 129.457 122.133 93.1328 71.3292 51.1847 64.2744 85.0833 134.4 66.2698 28.9999 82.0728 51.9614 32.9735 120.969 80.7166 54.9683 78.0171 74.9731 315.84 195.481 204.361 173.793 75.0381 68.3394 47.3922 42.0219 201.813 189.14 38.7763 150.364 142.649 128.477
internal_count=35732 33403 2329 2266 4970 2966 2246 28433 20943 2888 7490 2004 1951 1904 1893 1703 2646 543 315 228 280 1760 662 16554 204 363 112 344 240 299 123 178 5708 1842 667 645 10846 4844 142 102 1979 1128 761 192 1831 1142 539 188 603 610 588 2499 176 1708 4389 3361 558 1098 211 471 1692 1552 847 100 171 1694 351 4235 2154 2081 10272 9077 7570 1195 6662 1507 791 104 5705 1674 2345 2252 1652 1313 563 600 403 1925 1786 1319 4750 515 839 156 1140 1098 908 883 625 135 1052 1473 643 190 683 366 339 1271 805 292 960 908 1538 1204 2514 2161 766 714 502 209 1630 1489 389 1100 1060 986
is_linear=0
shrinkage=0.05


Tree=13
num_leaves=127
num_cat=0
split_feature=8 5 4 5 5 3 4 7 7 5 5 3 2 5 7 4 7 3 3 3 2 2 5 0 3 5 5 5 0 8 5 3 4 5 0 3 0 5 2 4 8 2 2 8 3 5 4 8 0 5 0 0 7 0 4 2 0 4 3 3 5 4 0 0 0 5 0 0 4 5 4 0 3 0 3 5 7 4 3 8 3 5 5 0 4 2 3 4 5 4 4 3 3 2 5 2 2 2 5 2 5 0 3 7 0 0 5 5 0 2 4 2 2 2 3 4 0 4 5 2 5 4 0 4 2 5
split_gain=2040.91 888.874 463.736 582.701 431.199 258.425 262.513 104.609 95.2609 110.01 69.1824 54.2403 53.6774 57.3553 73.1755 46.2649 69.4682 31.593 36.7794 31.1343 41.8565 30.0969 28.949 26.1763 22.5678 20.8034 20.2555 19.0148 18.2017 24.1807 15.6109 15.1906 24.4154 14.0312 13.6369 46.0058 34.1926 33.1399 20.7215 13.3905 12.6406 12.6145 11.8612 11.5636 11.0797 11.0152 9.85595 9.61927 9.60838 9.13543 8.46204 7.02208 6.76846 9.87985 8.82106 6.73948 6.46726 8.11121 6.47943 6.27029 9.22719 6.87605 6.05794 5.87543 5.6443 5.14472 5.25716 5.11583 5.06528 7.61478 4.90261 4.5483 4.13605 4.10847 4.12336 3.9852 3.97241 5.03103 3.83022 3.65087 4.48636 3.51933 3.32506 3.75436 4.04987 3.23236 3.1842 8.55157 6.92781 3.00303 2.97382 2.96056 2.91643 2.82885 2.71717 2.66692 2.57257 2.5387 2.53502 3.2439 3.01452 2.40434 3.40088 2.85033 2.8301 2.3376 2.30595 2.28751 2.23666 6.31828 3.08617 2.0998 2.81859 2.58277 2.06661 1.9807 1.95433 2.19654 1.67502 1.63755 2.18253 1.58185 2.23404 1.66457 1.57907 1.52561
threshold=-1.4999999999999998 10634.500000000002 193946.50000000003 23.500000000000004 -661.49999999999989 51325.000000000007 227302.50000000003 3.5000000000000004 4.5000000000000009 -2981.9999999999995 2552.5000000000005 35845.500000000007 47926.000000000007 -5879.4999999999991 7.5000000000000009 179318.00000000003 5.5000000000000009 15455.500000000002 35845.500000000007 42192.000000000007 41575.000000000007 32674.500000000004 -1618.4999999999998 38358.000000000007 34238.500000000007 4573.5000000000009 13643.500000000002 -10210.499999999998 29892.500000000004 -2.4999999999999996 -587.49999999999989 37730.500000000007 162168.50000000003 -796.49999999999989 29346.500000000004 29069.500000000004 40242.500000000007 -8685.4999999999982 33497.000000000007 142243.00000000003 1.0000000180025095e-35 54385.500000000007 35403.500000000007 1.0000000180025095e-35 17788.500000000004 6823.0000000000009 150639.50000000003 1.5000000000000002 9233.5000000000018 -16935.499999999996 13296.500000000002 31882.000000000004 7.5000000000000009 33539.000000000007 129577.50000000001 18677.500000000004 21551.000000000004 111940.50000000001 22393.500000000004 3484.5000000000005 1135.5000000000002 124658.00000000001 32700.000000000004 27910.500000000004 30501.500000000004 -3893.4999999999995 25310.500000000004 24685.500000000004 101434.00000000001 1834.5000000000002 142243.00000000003 3478.5000000000005 37730.500000000007 23613.500000000004 23136.500000000004 -1336.4999999999998 3.5000000000000004 80922.000000000015 13665.500000000002 1.0000000180025095e-35 26412.000000000004 -6648.9999999999991 6294.5000000000009 19100.500000000004 84530.000000000015 18677.500000000004 27351.500000000004 102682.00000000001 -10554.999999999998 100471.00000000001 38110.500000000007 21027.500000000004 11959.000000000002 4479.5000000000009 359.50000000000006 25304.000000000004 20712.000000000004 4943.5000000000009 3793.5000000000005 19188.500000000004 3057.5000000000005 13513.500000000002 14225.500000000002 3.5000000000000004 11749.000000000002 19100.500000000004 6448.5000000000009 5974.5000000000009 27109.000000000004 19372.500000000004 85269.000000000015 1835.5000000000002 3460.5000000000005 1519.5000000000002 512.50000000000011 97286.000000000015 15513.000000000002 79515.000000000015 5246.5000000000009 1112.5000000000002 -796.49999999999989 67578.500000000015 12842.500000000002 46117.500000000007 15480.000000000002 6294.5000000000009
decision_type=2 2 2 2 2 2 2 2 2 2 2 2 2 2 2 2 2 2 2 2 2 2 2 2 2 2 2 2 2 2 2 2 2 2 2 2 2 2 2 2 2 2 2 2 2 2 2 2 2 2 2 2 2 2 2 2 2 2 2 2 2 2 2 2 2 2 2 2 2 2 2 2 2 2 2 2 2 2 2 2 2 2 2 2 2 2 2 2 2 2 2 2 2 2 2 2 2 2 2 2 2 2 2 2 2 2 2 2 2 2 2 2 2 2 2 2 2 2 2 2 2 2 2 2 2 2
left_child=5 2 3 8 -4 6 7 41 9 24 11 39 13 19 15 16 62 25 23 20 28 -18 34 45 27 48 31 63 -9 49 71 32 55 40 35 38 37 72 44 47 -24 86 -35 -39 -10 52 70 59 93 -30 81 65 53 54 76 -3 91 58 -58 60 94 68 -15 96 -54 66 95 -60 69 85 79 75 -36 89 -75 -11 77 124 -50 108 -81 -29 83 84 -78 101 87 88 -1 -57 -71 -46 125 -12 111 105 -2 -83 100 -100 -85 104 -103 -104 -61 -52 107 -94 109 110 -47 113 -113 -5 -96 -111 -67 -118 -101 -77 -121 122 123 -92 -19 -27
right_child=1 26 4 10 -6 -7 -8 12 22 30 17 -13 -14 14 -16 -17 21 18 -20 -21 -22 -23 33 -25 -26 92 -28 50 29 -31 -32 -33 -34 42 36 -37 -38 43 -40 -41 -42 -43 -44 -45 56 46 -48 -49 78 -51 51 -53 64 -55 -56 73 57 -59 67 61 -62 -63 -64 -65 -66 116 -68 -69 -70 90 -72 -73 -74 74 -76 119 82 -79 -80 80 -82 97 -84 98 -86 -87 -88 -89 -90 -91 121 -93 106 -95 114 -97 -98 -99 99 118 -102 102 103 -105 -106 -107 -108 -109 -110 115 -112 112 -114 -115 -116 -117 117 -119 -120 120 -122 -123 -124 -125 -126 -127
leaf_value=-0.068253559529681124 -0.065574337126081225 0.056855889116680304 0.061579041232457533 0.0039016941271272018 0.0059837042233383498 -0.070852012355674718 0.024535401322384024 -0.063139482475366243 0.028483050568609128 -0.042408073583191409 0.045199166044151542 -0.062947915432428433 -0.0027746772391012528 -0.039581450038689986 0.019946593072119143 -0.061966790402624976 -0.01999592029938066 -0.00037983237935491009 0.053212657656591417 -0.073051981689681023 0.0021119287695873386 0.037338415557761594 0.057446402510389731 -0.017835795102858942 0.019609652776694325 0.042436618081852166 0.063677028891872683 -0.055330807811483175 -0.037910921060081121 -0.066125470155117938 -0.0061819488984540347 0.065785315168433556 -0.0085447595234756542 0.024429035283032297 0.020802030077750239 -0.068369490077743039 -0.023384485022341646 -0.027213182209833087 0.053735254443492947 0.04124361284459542 0.0073048845101262964 -0.1036687002611356 -0.029697918310753354 0.011201506408500038 -0.020779312173014687 0.015369140454670475 -0.013562306421376406 -0.023560411375368271 0.006629945461935619 -0.0047484763740160627 -0.036253922085784339 -0.077055550122731686 0.010380304559071782 0.063612595091164292 -0.032872761744132929 0.029265290662119803 0.031015739663426481 -0.042570441505938729 -0.032403413086838848 -0.0009922860764267293 0.028361810533244582 0.043289857613051812 -0.078951691296762397 -0.0081866911862037688 -0.02833836395954465 0.013744254879325799 -0.0046110463922573088 0.0079052984215251133 -0.018259907693308045 0.026368568396227362 0.057863125752294492 -0.018321577222179124 0.044126015759525565 0.015871890063904544 0.047536928859728295 -0.036802299832631509 0.018497353138475905 -0.026312965373380987 0.036053341578021147 0.047242620636796823 0.0079286893925037214 -0.061522185963787418 -0.0044291685403974991 0.032347282025175839 -0.026645475796452059 0.018179041659534972 -0.072718524866219506 -0.025222639404413397 -0.025728104134603261 -0.010134903697849838 -0.0021220212158514248 -0.062355567675408945 0.028902274159102976 0.027227102237975899 0.027903760380527578 -0.055745503600086566 -0.050978401178099209 -0.038622323402638249 0.0096126814525055448 0.050575655338781639 -0.0015772762870178926 -0.029554325292406175 0.017334691523373361 -0.015286483692988002 0.018362803301941778 -0.018346123154239561 0.042543066521874534 -0.0066313069521276961 0.03629556708612762 0.011945646610791609 0.052206382457179949 -0.014409359757676338 0.025667143625199923 0.031065371891126448 0.010899530133057556 -0.017182378087160371 -0.034643423558054304 0.0019355566499192807 0.023137832657911139 -0.025034145294762441 -0.004676335867840227 0.01965031956432543 -0.017964484381961979 0.026917790134094052 0.036280757425292 0.054405153327044792
leaf_weight=92.74285039305687 120.49972061812878 72.030373595654964 617.358478307724 73.00025836378336 801.05376970767975 637.67072176933289 177.0892915725708 125.1284668520093 12.45374536514282 43.92283620685339 38.644154570996761 25.870336830615997 129.73741781711578 21.200773060321808 78.652596652507782 96.485599637031555 43.525453291833401 5.0037313699722308 61.137084990739822 110.01350408792496 46.288663804531097 46.098060846328735 30.699885658919811 62.070725321769714 12.803019940853117 82.686704255640507 686.08871617913246 77.561388932168484 36.931584715843201 42.098168238997459 261.19076788425446 73.939776360988617 23.837253570556641 19.530745394527912 42.670421600341797 39.015037104487419 127.17434039711952 48.092788130044937 12.156339466571806 30.618493854999542 21.784870654344559 26.285026550292969 18.940241783857346 31.641003295779228 9.9652238190174121 17.294900424778465 12.227838218212126 22.474538259208202 73.731043919920921 47.514305949211121 80.205534487962723 7.2128640115261069 16.972974687814713 8.4594692885875684 9.8597790300846082 9.7415741235017794 11.237624935805796 14.1378937959671 14.437966391444208 174.02108301967382 82.826849140226841 10.133757531642912 28.784514397382736 6.2242420166730872 18.761160254478455 7.6851325035095241 16.772970750927925 15.119281947612761 24.256150484085083 45.133552320301533 16.506170034408569 295.62418113648891 41.546153426170349 15.314443334937094 48.657227903604507 16.731433056294918 12.464351058006288 11.759021572768686 12.360645435750483 34.875768944621086 10.072696723043917 16.751558780670166 13.431923903524874 10.390277355909349 6.8554373756051055 22.558819264173508 101.05320080369711 19.700103774666786 12.926985822618006 7.8379103839397422 10.564570456743246 10.474661327898501 17.577002763748172 77.876827500760555 21.492658466100693 15.283262103796003 83.256724290549755 169.10909259319305 11.645520910620688 21.58598467707634 14.585053272545336 15.770771667361258 11.306797854602339 13.674666360020636 20.138705119490623 29.741330854594707 40.479250207543373 5.2797642648220053 14.744806431233881 8.5887541323900241 9.1418905705213529 25.636608846485618 4.2373856157064429 9.1429314389824849 120.56856273114681 13.726587891578673 6.7913866937160474 7.9542462527751923 12.246764630079268 38.94209012389183 21.444860279560089 16.26444561034441 9.6824991479516012 7.6231757551431647 5.2508264183998108 106.41766392439604
leaf_count=747 1306 860 46 881 77 63 16 454 93 534 512 17 46 86 42 38 103 53 45 65 39 51 69 60 25 1024 2444 867 54 58 2958 20 20 85 71 89 77 91 20 25 52 4 18 54 62 170 16 77 806 63 752 12 77 14 20 73 60 37 68 1862 1068 22 35 19 35 78 51 58 88 513 28 2940 32 87 129 199 116 71 129 194 30 213 87 53 43 150 210 60 95 44 127 64 190 896 267 71 505 1825 82 112 78 158 106 116 186 200 473 59 47 60 66 308 51 110 1475 73 62 50 65 463 254 123 95 76 49 1385
internal_value=-7.06693e-05 0.0144912 0.00605684 -0.00360258 0.0302112 -0.0448397 -0.0318547 -0.040909 -0.0229377 -0.0300078 0.0176173 0.00688283 -0.0324546 -0.0377645 -0.0215967 -0.0354834 -0.0168342 0.0271555 0.0175113 -0.0501421 -0.0414505 0.00952556 -0.00478213 0.0116069 -0.044568 0.0364037 0.05912 -0.0458779 -0.0494591 -0.0355036 -0.0158251 0.0464585 0.0380524 0.0206822 -0.010214 -0.0230481 -0.00401133 0.0110366 -0.0048115 0.00931053 0.0372533 -0.0691679 -0.00216963 -0.0119571 -0.0134852 0.0174357 0.0280783 0.00792958 0.0242206 -0.0195842 -0.0396789 -0.0305754 0.00915358 0.0140003 0.0104118 0.0453255 -0.0207671 -0.0113115 0.000161358 0.00895356 0.0139228 0.00452291 -0.0634551 -0.0584493 -0.0100297 -0.0280529 -0.0315565 -0.0120369 0.00333702 0.00491038 0.0322683 -0.0218288 0.0327498 0.0345153 0.0403944 -0.0301335 0.0140931 -0.00483295 0.0112773 0.0278338 0.0389057 -0.0454538 0.0181857 0.0216359 0.00170981 0.000507343 -0.0647026 -0.0576776 -0.0633881 0.0118294 0.0174081 -0.0442334 0.0460281 0.033564 0.00910349 -0.0350607 -0.0599128 -0.0410312 0.0269297 0.0340021 0.0130456 -0.00123836 -0.0121344 -0.00023053 0.00107345 -0.0316638 0.035127 0.0205508 0.0194369 0.0136106 0.0297283 0.00318034 -0.00791565 0.00732255 0.0136841 -0.00572558 -0.00525882 -0.0157243 0.0417367 -0.0226251 -0.01808 0.00775286 0.00019643 0.0105576 0.0195036 0.0494489
internal_weight=7824.28 5904.36 4966.91 3548.5 1418.41 1919.93 1282.26 1105.17 1856.79 1335.71 1691.71 796.998 852.459 722.722 314.747 236.094 139.609 894.713 439.659 407.975 297.961 89.6235 521.078 378.522 657.852 455.053 937.447 645.049 251.673 126.544 677.856 251.359 177.419 90.9557 430.122 138.998 291.125 163.95 99.9827 771.127 52.4848 252.708 38.471 79.7338 87.8264 316.452 137.179 740.509 202.613 84.4459 435.069 171.647 179.272 143.538 135.079 153.582 75.3727 54.9328 40.7949 718.034 336.905 381.129 49.9853 209.981 35.7341 164.434 142.003 29.5572 370.995 346.739 124.952 416.665 84.2166 81.5512 63.9717 121.041 125.219 22.0136 86.0917 108.445 44.9485 263.422 103.205 89.7734 19.3198 257.471 226.423 125.37 105.67 17.5795 89.2682 20.4399 252.44 116.521 254.078 125.23 203.756 185.861 70.4536 45.4783 24.9753 234.912 40.7522 24.9815 194.16 109.947 63.336 22.8568 63.4969 48.7521 26.4368 112.017 29.874 82.1432 142.061 22.3153 22.4308 14.7456 33.8327 77.1184 60.387 44.1347 27.8702 18.1877 10.2546 189.104
internal_count=35732 33403 29726 29603 123 2329 2266 2250 14484 13384 15119 7901 1134 1088 355 313 275 7218 1744 733 668 154 1100 1699 6036 5474 3677 6011 629 175 7348 1233 1213 224 876 551 325 248 462 7884 121 1116 103 145 442 1639 684 7859 2343 117 4181 1276 955 843 829 1193 349 223 186 7782 4160 3622 121 1830 112 1264 1074 126 3600 3512 668 4390 103 333 216 1450 809 173 935 640 224 2905 636 549 159 2578 1112 902 842 117 934 126 3131 1408 3092 1023 1811 2038 390 259 131 2428 380 222 2048 952 722 249 416 369 236 1350 359 991 1742 133 190 112 177 916 717 421 298 203 102 2409
is_linear=0
shrinkage=0.05


Tree=14
num_leaves=127
num_cat=0
split_feature=8 5 8 5 3 3 2 1 5 0 3 7 7 1 0 7 2 8 5 0 8 1 0 7 5 5 0 0 0 0 1 5 7 3 5 2 5 2 2 0 5 0 3 7 3 2 3 2 5 3 7 1 3 2 3 1 7 0 0 1 2 0 3 5 3 1 0 5 1 2 0 5 5 1 3 0 1 2 1 0 0 0 2 0 1 1 3 3 3 2 5 2 2 3 7 0 5 3 1 1 3 7 3 7 1 2 0 1 0 2 2 1 2 1 3 0 1 2 0 3 0 3 1 2 5 5
split_gain=1875.01 834.971 433.62 374.861 330.482 248.282 250.13 176.949 121.11 246.127 193.068 132.171 106.107 82.0051 80.4523 75.9941 66.1067 62.2682 67.3759 72.3497 60.4841 187.642 65.4253 63.0984 60.0681 49.5272 34.6412 31.6745 31.2912 34.3773 26.9506 26.7543 26.678 26.0445 20.2468 19.5444 17.4045 21.0647 17.0005 32.4306 15.6089 51.5038 18.0366 21.1982 22.187 16.9147 14.992 16.4753 14.3465 14.0517 13.4343 11.3323 10.3754 23.6527 10.1636 9.93719 9.57332 8.79069 8.6547 8.60556 8.44561 11.8623 7.93889 7.47632 7.41656 7.10269 6.99675 11.2266 6.56944 6.24042 5.85873 5.7358 5.65485 5.57981 5.55881 5.50287 5.18723 9.04666 5.18804 6.6917 4.94679 4.80636 4.60468 5.85647 4.06055 4.04988 5.42686 4.41273 3.9733 22.2202 4.38379 5.0136 4.22026 7.62519 3.7564 3.37176 4.13948 5.45584 3.2489 3.23243 3.15908 3.08546 2.93095 3.90181 2.92791 2.68184 2.88842 2.60282 2.42036 2.37189 2.33899 2.19813 2.05442 3.47351 3.25716 3.51277 1.99367 1.97633 2.46535 1.76265 2.75168 1.66578 3.59958 2.29154 2.28765 1.65682
threshold=-1.4999999999999998 10634.500000000002 1.0000000180025095e-35 -3893.4999999999995 42192.000000000007 51325.000000000007 54385.500000000007 36675.000000000007 1092.5000000000002 59565.500000000007 51325.000000000007 7.5000000000000009 8.5000000000000018 51858.500000000007 38358.000000000007 5.5000000000000009 47926.000000000007 3.5000000000000004 7196.5000000000009 40242.500000000007 -3.4999999999999996 40907.500000000007 49386.000000000007 6.5000000000000009 -587.49999999999989 -4338.4999999999991 20150.500000000004 42276.500000000007 30501.500000000004 40242.500000000007 32775.000000000007 3998.5000000000005 7.5000000000000009 13889.500000000002 13643.500000000002 29582.500000000004 -2864.4999999999995 29027.000000000004 39484.000000000007 40242.500000000007 -16935.499999999996 29346.500000000004 39750.500000000007 5.5000000000000009 29703.500000000004 31902.500000000004 37730.500000000007 18677.500000000004 -9869.9999999999982 6572.5000000000009 9.5000000000000018 27664.000000000004 34238.500000000007 39484.000000000007 24956.000000000004 21899.000000000004 6.5000000000000009 31183.000000000004 33539.000000000007 16522.000000000004 31291.000000000004 27109.000000000004 32071.500000000004 219.50000000000003 33076.500000000007 22104.000000000004 7779.5000000000009 -2363.4999999999995 25072.500000000004 29582.500000000004 22635.500000000004 1834.5000000000002 6294.5000000000009 23596.000000000004 20073.500000000004 15255.500000000002 28767.000000000004 31291.000000000004 25806.500000000004 30501.500000000004 25954.500000000004 26311.500000000004 26039.000000000004 2639.5000000000005 19943.500000000004 21059.500000000004 21027.500000000004 20253.500000000004 26872.000000000004 35403.500000000007 -13664.499999999998 31291.000000000004 21997.500000000004 24606.000000000004 4.5000000000000009 22852.500000000004 12515.500000000002 24298.500000000004 22333.500000000004 23078.000000000004 6926.5000000000009 1.0000000180025095e-35 26049.500000000004 6.5000000000000009 2215.5000000000005 16965.500000000004 16972.500000000004 19271.500000000004 24436.500000000004 22729.500000000004 5860.5000000000009 5548.5000000000009 26039.000000000004 25448.500000000004 20846.500000000004 24178.500000000004 21059.500000000004 4707.5000000000009 4376.5000000000009 4464.5000000000009 4456.5000000000009 5248.5000000000009 4552.0000000000009 6713.5000000000009 -661.49999999999989 2249.5000000000005
decision_type=2 2 2 2 2 2 2 2 2 2 2 2 2 2 2 2 2 2 2 2 2 2 2 2 2 2 2 2 2 2 2 2 2 2 2 2 2 2 2 2 2 2 2 2 2 2 2 2 2 2 2 2 2 2 2 2 2 2 2 2 2 2 2 2 2 2 2 2 2 2 2 2 2 2 2 2 2 2 2 2 2 2 2 2 2 2 2 2 2 2 2 2 2 2 2 2 2 2 2 2 2 2 2 2 2 2 2 2 2 2 2 2 2 2 2 2 2 2 2 2 2 2 2 2 2 2
left_child=5 2 3 7 17 6 15 26 9 11 12 14 13 31 24 16 52 18 19 30 22 23 28 57 66 -25 48 40 -17 -30 32 49 36 72 46 73 -4 59 39 58 41 65 43 44 60 56 47 -3 116 71 54 55 53 88 99 125 -45 -22 69 -38 61 74 -56 98 95 -28 67 117 70 102 -20 101 100 -34 -42 -50 77 78 79 85 -57 84 83 -65 -61 87 -87 94 89 90 91 -1 -92 -94 105 -49 97 -97 -26 -19 -33 -10 103 112 -69 106 -68 -107 -76 -85 119 -73 113 114 115 -35 -2 -5 -119 120 -103 122 124 -123 -106 -51
right_child=1 34 4 8 -6 -7 -8 -9 10 -11 -12 -13 -14 -15 -16 20 -18 50 68 -21 21 -23 -24 25 63 -27 27 -29 29 -31 -32 33 35 38 -36 -37 37 -39 -40 -41 42 -43 -44 45 -46 -47 -48 64 75 51 -52 -53 -54 -55 62 80 -58 -59 -60 81 -62 -63 -64 82 -66 -67 76 104 -70 -71 -72 111 -74 -75 108 -77 -78 -79 -80 -81 -82 -83 -84 109 -86 86 -88 -89 -90 -91 92 -93 93 -95 -96 96 -98 -99 -100 -101 -102 110 -104 -105 121 107 -108 -109 -110 -111 -112 -113 -114 -115 -116 -117 -118 118 -120 -121 -122 123 -124 -125 -126 -127
leaf_value=-0.067393035130771245 -0.06156972503427386 0.055542819164356619 0.052106052044295595 -0.059351985161361615 0.06404271503142242 -0.069305356983161301 0.031366058000967541 0.022810280988550688 0.022181495618537786 0.066644319449553957 -0.0090156949154615845 -0.081872136867739864 0.069230151176135221 -0.086548763514829249 0.054721983840179733 -0.060811519251837642 0.015367573988160091 0.025317262389500658 0.039170127352132711 -0.049979978393020832 -0.0053434919671462066 0.044588445227253221 -0.074709090231783529 -0.067993943109253371 -0.004613627159488134 -0.018599663220126836 -0.058675703485699143 -0.078639667614849085 0.0082139538739204754 -0.041516346107152727 0.036126109653046377 0.044657102023400314 -0.024908457743889324 0.018672081925289533 0.062559567795679047 -0.063487608108419746 -0.028844754265701211 -0.046722869269773482 0.070866536253241227 -0.065059489273003854 -0.0017659148356010451 0.06484928563238046 -0.071014168776594458 -0.00051577747250855629 -0.072456224845309322 0.028990719676943846 0.06470794995545931 0.0088444946763804374 -0.045092454039443522 0.0030720681683060855 0.057714607486821716 0.04237619119989125 -0.072431952822833046 0 -0.00028116735835542983 -0.040240106108011736 -0.050301226262174453 0.036965338038021732 0.059501051967600083 0.0070658402439568281 -0.060741452757976461 0.018988391446296396 0.031047109605643216 0.013316867584957905 0.0012743602718521319 -0.009066896367017345 -0.015240522378138608 -0.028982437674795976 0.055547593463142746 -0.019712843208912353 -0.01402595382120974 0.036909089936570709 0.051199053389418103 0.023719822741540088 -0.040971778152569145 -0.027179509787347018 -0.05081143014959897 0.032191103557262957 0.022935008818839257 -0.063169590340952625 0.00080642609603184595 -0.0040046943780008186 0.04940017707978852 0.00077233046535129602 0.048886573210490891 0.033913647641587046 -0.01729366909729721 -0.043761564072254379 -0.065535800474670503 0.019484001780417124 -0.063969189150707026 -0.027070725981386191 -0.0216218607443158 -0.06189439435264632 0.013389383400637068 0.019040632391633189 0.018165893777774229 0.06017227629813561 0.026265472796679762 0.066590682832196879 0.02779858362632523 -0.0087838080094683312 0.049974984377384228 -0.01785297342553116 -0.019173370700838417 -0.039678225772361048 0.017692577323631175 -0.0043790455977870913 -0.016897138225201138 -0.02885351419537141 0.023582086882292054 0.022174893206518789 0.044814822649369798 -0.0080436629389386127 0.041755955947581642 -0.019181283586722914 -0.023651687381300315 -0.0020993172885464166 -0.040831582673031094 -0.018065847528483933 0.032271871026531646 -0.030614445851892165 0.0086038227940377059 -0.0094445092740775456 0.012954985458129323 0.012146563987024489
leaf_weight=89.397758148610592 160.35011494904757 70.11895552277565 17.389618031680584 20.056164175271988 498.96996772289276 619.78234612941742 143.36714458465576 132.4331830739975 63.084571838378906 113.40168285369873 518.11506986618042 59.674076169729233 135.93049347400665 16.089659214019775 50.781303316354752 46.807554736733437 31.628135323524475 10.41233864426613 11.862854816019537 100.16236847639084 23.831942304968834 99.231195151805878 109.5821590423584 123.20871568471193 358.27874827384949 88.058333531022072 15.995059981942179 25.496187031269073 78.159444987773895 61.009556084871292 44.757229208946228 57.580155916512012 10.841635636985304 85.65901955217123 664.00529149919748 28.239486992359161 8.0716696605086309 18.436960965394974 13.359767079353331 11.119328379631041 18.953461237251759 19.847293972969055 20.098729997873306 24.545433580875397 28.042208626866341 29.139844238758087 71.49105179309845 14.61170946061611 223.647540345788 84.994848169386387 39.938649386167526 21.193614438176155 116.81807819008827 19.27603667974472 43.337369307875633 15.669935666024687 15.165456429123877 23.482910692691803 11.869078814983366 9.2660096883773821 11.897145092487333 17.712813094258308 36.379558503627777 138.94196496903896 27.636412084102631 13.752728208899496 145.31158122420311 78.061776228249073 36.866478741168976 10.309540033340452 7.8007608354091635 85.173515692353249 125.49769792705774 10.745408132672308 36.894474476575851 62.418277189135551 8.9531059563159925 9.4288043677806836 7.567174866795539 6.6983078420162192 12.628137722611426 9.790162190794943 5.2028724104166022 168.74719579517841 18.356139250099659 8.6630833745002764 10.097635120153425 13.958802640438078 115.67665242403746 9.8065355420112592 23.137465454638004 10.930752500891684 36.208457872271538 18.430205479264259 10.124197520315645 14.002981647849081 22.681842230260372 25.504072517156601 7.6989313885569564 14.076460748910902 76.625321954488754 9.7689464688301104 6.689242646098136 6.6763261109590522 67.241007037460804 20.775066442787651 6.0276608914136878 7.6629529595375052 18.563489109277725 6.0314189046621314 9.6465168148279172 48.385586388409138 6.9375935047864905 11.505441360175608 14.480322696268557 5.6734165027737609 5.6763765960931769 4.968677081167697 42.063253380358219 11.481282800436018 5.538330301642417 37.669829040765762 16.48380121588707 22.113569229841232 5.1558958664536467 132.14199675619602
leaf_count=706 1648 860 42 252 63 63 20 40 782 5 31 24 12 3 32 92 11 65 110 66 65 35 20 102 4081 76 81 14 87 29 56 727 65 778 2444 52 68 38 7 11 118 29 26 91 68 48 20 99 2493 870 44 47 140 14 92 82 41 37 24 66 32 54 48 1708 27 35 1525 936 68 24 36 1087 1651 36 227 523 19 19 27 16 37 39 18 1762 117 53 52 89 334 17 191 38 191 61 76 77 85 65 27 57 916 121 25 42 797 176 55 51 71 28 105 532 28 58 92 37 38 57 439 104 64 361 152 258 61 1368
internal_value=-6.72857e-05 0.0139398 0.00580778 -0.0015629 0.0356405 -0.0433707 -0.0306462 -0.0303034 0.00668241 -0.00375993 0.016115 -0.00974727 0.0280002 0.0220898 -0.0063323 -0.0385764 -0.0538975 0.0058311 -0.00606439 -0.0162847 -0.0274513 -0.0135458 -0.0441664 -0.03596 -0.00889115 -0.0476141 -0.0397293 -0.026251 -0.0258399 -0.013692 0.00304871 0.024037 -0.00839076 0.0329816 0.057915 -0.036845 0.00922083 -0.00299193 0.0184089 0.0138911 -0.0210253 0.00416984 -0.0266949 -0.0219068 -0.0335611 0.000536254 0.045158 0.0367996 -0.0484687 0.0160298 0.0331649 0.00811599 -0.058915 -0.0538003 0.0232491 0.00497734 -0.02042 0.0158819 0.0197863 0.0152507 -0.022438 -0.0168386 0.0141614 0.000982845 0.0237606 -0.0369444 -0.021196 -0.0264994 0.0431738 0.0161881 0.0181672 0.0249881 0.0431926 -0.000502849 -0.0255718 -0.0413096 -0.0149928 -0.0134704 -0.0154366 -0.0168186 -0.0223499 0.0253976 0.00657417 0.00569333 0.0357693 -0.0151253 0.00661877 -0.0171733 -0.0571996 -0.0517216 -0.055757 -0.0633598 -0.0452065 -0.0361644 -0.0149738 0.0316676 0.036726 0.0465469 -0.00388061 0.0509197 0.0353454 0.015554 0.0190364 0.0170511 -0.020976 -0.0166639 -0.0137885 -0.0308082 -0.0334438 -0.000379911 0.00365951 0.0318128 0.0190939 0.0171648 0.0200022 0.0160843 -0.0604526 -0.0445099 -0.0369727 -0.00392511 0.00683203 -0.016573 -0.011885 -0.0231503 -0.0166718 0.00864778
internal_weight=7725.88 5838.05 4928 3952.3 975.701 1887.83 1268.05 880.63 3071.67 1457.84 1613.82 1344.44 1095.71 959.779 1284.76 1124.68 471.31 476.731 332.587 276.057 653.372 357.813 295.559 258.582 1233.98 211.267 748.197 296.104 185.977 139.169 175.894 943.69 131.137 443.982 910.052 49.8265 81.3106 63.9209 184.279 170.919 270.608 49.5951 221.013 200.914 132.064 68.8507 246.047 174.556 452.092 499.707 144.144 266.629 439.682 322.864 104.206 245.435 39.7109 47.3149 159.8 45.484 104.021 92.1242 79.7169 684.901 104.437 29.7478 549.082 293.814 56.5301 147.931 19.6636 233.079 259.703 21.587 74.4114 286.066 255.268 246.315 236.886 229.319 28.2981 37.4123 318.923 313.721 27.6221 222.621 18.7607 203.86 303.588 187.911 178.105 100.329 77.7761 54.6387 189.901 76.8006 62.1889 39.5071 365.978 24.4888 134.205 99.5196 137.621 130.932 226.726 179.777 151.339 28.438 55.458 174.779 36.4351 133.559 124.256 117.318 105.813 91.3324 166.026 67.0881 47.0319 26.7886 15.3073 148.664 88.8807 59.7834 72.3969 217.137
internal_count=35732 33403 29726 28498 1228 2329 2266 5677 22821 13156 9665 13151 9634 9622 13127 2246 1703 1165 859 645 543 315 228 280 13095 178 5637 935 208 116 579 9619 523 4420 3677 153 370 328 1126 1119 921 145 776 750 570 180 1233 1213 4702 5199 306 2404 1692 1552 262 2357 132 102 1108 290 502 470 140 7624 353 116 5471 3313 214 1084 146 2795 3294 101 416 3016 2158 2139 2120 2093 119 222 3516 3498 183 2077 105 1972 1538 1204 1187 744 443 252 1883 326 227 142 4108 122 1643 1176 1060 1035 2565 1807 1580 227 298 1790 394 1619 993 965 907 815 1686 748 496 289 185 1629 1010 619 858 2238
is_linear=0
shrinkage=0.05


Tree=15
num_leaves=127
num_cat=0
split_feature=8 5 6 6 3 5 3 6 4 3 8 1 7 5 5 4 1 5 7 3 3 4 8 8 4 5 3 4 1 3 3 3 5 4 5 7 5 8 5 5 3 8 1 1 4 3 4 6 8 1 5 3 4 7 7 1 1 4 5 4 4 1 3 3 4 5 5 1 3 4 6 4 3 1 4 3 5 3 3 5 5 4 3 3 6 4 4 3 3 8 6 1 1 3 5 5 6 3 1 7 7 6 3 5 7 1 6 3 5 3 4 3 1 3 7 7 7 1 1 3 4 3 6 1 3 7
split_gain=1890.22 912.225 433.145 739.936 879.299 478.287 242.675 236.098 172.736 128.248 127.8 114.199 102.858 100.664 92.2339 79.6024 61.129 52.0708 78.9928 37.1249 44.688 29.4488 28.0561 35.7357 32.409 29.9571 26.7933 26.6016 46.5602 25.9421 42.5767 25.3542 20.0585 19.6363 20.643 19.2582 19.2461 21.1426 19.0463 16.5711 16.1121 38.9775 12.7055 12.1871 12.9267 11.5705 9.81943 9.29178 8.7194 12.5691 7.95447 11.6099 7.99762 7.58321 9.55754 8.26312 7.22712 7.15815 6.54692 6.37852 6.28415 11.8648 6.0803 6.0713 5.32945 14.4887 5.31567 5.91377 4.8127 4.66337 4.54877 6.16155 4.81164 4.44931 4.40782 3.95131 3.57408 3.55407 3.44367 6.16676 3.2921 2.87693 5.42196 6.17582 4.46406 2.6277 2.61137 3.38268 2.56045 4.90031 3.5982 2.26598 3.39319 4.42791 2.70676 2.33045 2.23683 3.32326 2.69555 2.14792 2.1056 2.0625 4.17712 2.55112 1.96948 3.81185 2.97927 5.81848 2.66941 2.00909 1.84005 1.82939 1.73207 1.66744 3.85928 1.62559 1.71777 1.62127 1.59961 1.5853 5.81212 1.58185 1.56316 1.47568 2.34649 1.64301
threshold=-1.4999999999999998 10634.500000000002 10.500000000000002 9.5000000000000018 51325.000000000007 23.500000000000004 51325.000000000007 10.500000000000002 227302.50000000003 39750.500000000007 -1.0000000180025095e-35 24753.500000000004 5.5000000000000009 -4017.4999999999995 3699.5000000000005 193946.50000000003 40907.500000000007 -6870.9999999999991 6.5000000000000009 37730.500000000007 24298.500000000004 179318.00000000003 -1.0000000180025095e-35 2.5000000000000004 169579.00000000003 -8132.4999999999991 34238.500000000007 169579.00000000003 31856.500000000004 45767.500000000007 33076.500000000007 39750.500000000007 7196.5000000000009 135236.50000000003 -587.49999999999989 5.5000000000000009 -11655.499999999998 -1.0000000180025095e-35 13643.500000000002 4821.5000000000009 37730.500000000007 -1.0000000180025095e-35 28767.000000000004 31856.500000000004 146208.50000000003 10557.000000000002 48011.500000000007 5.5000000000000009 3.5000000000000004 30961.500000000004 1396.5000000000002 5334.5000000000009 126938.50000000001 7.5000000000000009 4.5000000000000009 20867.500000000004 30096.000000000004 92657.000000000015 7016.0000000000009 150639.50000000003 113394.50000000001 20867.500000000004 29069.500000000004 34238.500000000007 135236.50000000003 -11269.999999999998 -1850.4999999999998 4021.5000000000005 27901.000000000004 132134.50000000003 8.5000000000000018 97286.000000000015 25664.000000000004 20867.500000000004 8653.5000000000018 21027.500000000004 6294.5000000000009 12591.500000000002 1949.5000000000002 543.50000000000011 421.50000000000006 118531.50000000001 22393.500000000004 18879.000000000004 4.5000000000000009 100471.00000000001 150639.50000000003 24956.000000000004 14225.500000000002 1.0000000180025095e-35 3.5000000000000004 16392.000000000004 13817.500000000002 14225.500000000002 479.50000000000006 70.500000000000014 1.0000000180025095e-35 5421.5000000000009 6419.5000000000009 2.5000000000000004 1.5000000000000002 1.5000000000000002 8143.5000000000009 3057.5000000000005 1.0000000180025095e-35 7173.5000000000009 1.5000000000000002 6203.5000000000009 -796.49999999999989 9110.0000000000018 34684.500000000007 20073.500000000004 2030.5000000000002 20073.500000000004 3.5000000000000004 2.5000000000000004 5.5000000000000009 12764.500000000002 26643.000000000004 24956.000000000004 78846.000000000015 2797.5000000000005 6.5000000000000009 23315.500000000004 24956.000000000004 3.5000000000000004
decision_type=2 2 2 2 2 2 2 2 2 2 2 2 2 2 2 2 2 2 2 2 2 2 2 2 2 2 2 2 2 2 2 2 2 2 2 2 2 2 2 2 2 2 2 2 2 2 2 2 2 2 2 2 2 2 2 2 2 2 2 2 2 2 2 2 2 2 2 2 2 2 2 2 2 2 2 2 2 2 2 2 2 2 2 2 2 2 2 2 2 2 2 2 2 2 2 2 2 2 2 2 2 2 2 2 2 2 2 2 2 2 2 2 2 2 2 2 2 2 2 2 2 2 2 2 2 2
left_child=6 2 3 4 5 11 7 12 9 21 -7 13 64 36 29 16 17 18 -14 20 45 -9 -13 24 25 31 35 28 80 30 43 69 39 34 60 42 73 85 40 -22 41 -3 -27 44 50 76 -39 58 63 -50 78 -52 68 54 77 57 -34 -56 118 -20 61 66 -37 119 65 -1 67 -15 81 -24 71 122 -73 -2 -68 -63 -16 99 79 112 -19 82 83 84 101 -38 87 -40 -60 90 -90 92 95 -94 -93 -80 -36 -98 -99 -48 117 103 -103 -53 106 -106 108 -108 -76 110 -107 -96 -12 114 -69 -104 -117 -79 -47 120 -43 -110 -67 124 125 -102
right_child=1 38 -4 -5 -6 10 -8 8 -10 -11 14 22 15 33 19 -17 -18 27 59 -21 32 -23 23 -25 -26 26 -28 -29 -30 -31 -32 -33 56 -35 96 62 37 46 86 -41 -42 48 -44 -45 -46 47 53 -49 49 -51 51 52 -54 -55 55 -57 -58 -59 88 -61 -62 75 -64 -65 -66 70 74 113 -70 -71 -72 72 -74 -75 104 -77 -78 100 91 -81 -82 -83 -84 -85 -86 -87 -88 -89 89 -91 -92 94 93 -95 111 -97 97 98 -100 -101 123 102 115 -105 105 109 107 -109 121 -111 -112 -113 -114 -115 -116 116 -118 -119 -120 -121 -122 -123 -124 -125 -126 -127
leaf_value=-0.065366292889376801 -0.060433897693727139 -0.066449591856752005 0.065286393897834624 -0.075451829315782787 0.064885279470202603 -0.049488440621882422 -0.068154767148745618 -0.016105963221614724 0.056752057171012185 -0.074679489704156873 0.0028547560035432364 0.024247725265414674 0.01093474623765343 -0.045218192550757132 0.038344128616261249 -0.052898592213936974 0.037784221178306071 -0.023945860271682003 -0.04619919364763457 0.062649706376856865 0.016603043372909812 0.03378767021649387 0.012071768812032211 0.033701819819690663 -0.043020044953072288 -0.0047891894822657483 -0.056317317284358306 -0.029876359516863162 0.065586851216669614 0.065814222827488167 -0.02753709484804966 0.050941232667510897 0.0040001750118041409 0.068208965883402403 -0.0076303248217457825 0.027564019523144009 -0.004449057685519296 -0.048682048697394967 0.059307698587680757 -0.027963324658908967 0.063585016671856495 0.057234113616414554 -0.061884973096136178 0.04684259751370097 -0.057160108217235772 0.019715048087517908 -0.030093354031063529 0.0617295271580382 0.043657974327751536 -0.021800769165439382 0.02719050155198563 -0.0026948140319403707 0.054309178876471888 -0.075871155330228451 -0.016515140196407388 -0.027722644356101028 0.037178630813811203 0.04013035457667951 0.045430913892998276 -0.072317472781383257 -0.056326534315718317 0.027938501493537028 -0.0026207973186585499 0.0090350606515825025 -0.073302900128752443 -0.029234854784271083 -0.029642907133880726 -0.025017892020183403 -0.033778957787373005 -0.016019602357140457 -0.068121197083063786 0.00075686327731610929 -0.033489739031403516 -0.036392228046120904 -0.016871572686592798 -0.0071388014680961011 0.053576230759274292 -0.035576746527040556 -0.022056765320225366 0.022427123510915609 0.0029967432634439343 -0.022756246343087514 0.037991112886317124 -0.016650702060992818 0.047113473317834664 0.029088504782046318 0.064485812180760285 0.041576817463133783 0.027191143744138058 0.048003341190091496 -0.0012885648508082026 0.030354821169756643 -0.045257916908936373 0.002771122077467025 0.018510225818411084 0.0034329593057169324 0.023064931520307468 -0.027685726597977418 0.0017863405352337833 0.0052578509796085181 -0.041894381671895499 0.038401145299976333 -0.0024115061084727207 0.01654038072917538 -0.031449270453612323 -0.0086702837655831186 0.04473975084112719 -0.018807057411867667 0.025549459772858076 -0.015694236585615983 0.024340684089442347 -0.003785167810443307 0.032738028108688762 -0.042445215623577934 0 0.015581820569389587 -0.0094387607559496128 -0.0045094839900362126 -0.0030060650636652021 0.063753696763575243 0.03091213715115514 -0.0054467478242566005 -0.064960346927322749 -0.063645549092858966 -0.0038973967722253627 -0.023581936639095216
leaf_weight=199.86438381671906 148.0340901017189 7.9504375308752051 278.9179253578186 293.43829628825188 559.10580372810364 70.740223273634911 658.25231915712357 54.319160968065262 112.64620685577393 69.46269479393959 116.94816357642412 106.1877675652504 53.132036864757538 43.120317466557026 121.27776001393795 211.26641809940338 48.302075743675232 25.359248794615269 50.450211063027382 87.844073534011841 32.41213795542717 62.560338020324707 28.330943733453751 49.761451855301857 63.581773400306702 20.625155992805958 32.973108351230621 38.246815204620361 32.090810179710388 18.65614128112793 77.811935722827911 36.203470766544342 27.424219012260437 5.9290941655635825 197.76203851401806 30.166082642972469 11.954914815723898 166.11244218796492 231.74373447149992 54.564503043889999 81.018674314022064 51.624502345919609 18.154314517974854 21.949842095375061 6.1489726901054373 136.73566178977489 6.8503222167491886 19.445368625223637 15.485701128840448 12.26104463636875 140.18600268661976 60.470080688595772 8.5046943724155408 9.0805435925722104 9.5788001790642756 26.066319964826107 42.348387062549591 10.864949956536291 41.314317055046558 70.077979445457458 12.443629592657087 13.809014908969404 34.986093088984489 10.754540026187895 110.21578487753868 8.2764198556542414 60.868807554244995 172.39696633070707 5.9023750126361838 28.68453049659729 10.832105636596678 17.036456450819969 23.599029377102852 30.106132343411446 57.75622470676899 16.499385140836239 80.747135236859322 7.2361976429820087 8.3022509142756444 75.400443680584431 19.021992944180965 6.1204714626073828 14.697090186178682 22.854055032134056 7.0048497766256324 9.6613566279411298 466.77596080303192 45.611910715699196 39.667372688651085 22.372477315366268 14.677297182381151 13.934607863426207 7.9026550054550198 9.7844012528657895 13.797322750091551 227.72483731806278 14.670834206044672 8.2306592017412168 46.708154298365116 8.5300585031509399 106.410589389503 13.541589826345442 22.04244527220726 22.853279277682304 37.553754568099976 10.31408556550741 6.2350829467177373 6.2169972881674767 5.4089296087622634 69.563264258205891 5.6805278211832038 22.978194668889046 4.1281364262104026 12.923277802765368 16.536890029907227 61.200083076953888 6.7842428535222998 10.14906122535467 7.5467888414859763 25.17245527356863 45.098032623529434 10.309514842927454 13.044779025018213 8.0345467478036863 5.464727856218814 20.549608126282692
leaf_count=1139 1380 11 19 21 47 50 66 94 9 44 1418 73 95 531 1539 46 29 69 91 43 54 17 72 55 29 70 39 21 42 6 51 29 78 10 2330 62 88 1909 2131 95 21 702 36 26 7 1234 73 87 98 21 1738 691 19 24 76 81 61 47 508 45 31 78 55 12 106 65 730 1784 13 29 48 65 64 126 654 79 1126 82 96 946 46 16 70 146 55 29 154 164 359 157 84 75 81 92 102 2514 149 80 442 84 1009 164 239 271 392 121 66 70 64 633 65 87 50 75 141 596 63 106 34 58 305 115 107 33 31 161
internal_value=-0.000196914 0.0139122 0.00492008 0.00120051 0.00650919 -0.00234488 -0.0436532 -0.03049 0.00813073 -0.0213808 0.015933 -0.020054 -0.0428961 -0.0269796 0.0186132 -0.0288997 -0.0137135 -0.0224572 -0.0396497 0.0321884 0.0279119 0.0106175 0.00190341 -0.00504048 -0.0117135 -0.00289335 -0.0177474 0.0036431 0.0206414 0.00886975 0.00773654 0.0188256 0.0046359 -0.0157002 -0.0163911 -0.0050431 -0.0426787 -0.0365814 0.0575156 -0.0112987 0.0450451 0.0357703 -0.0325276 0.0107482 0.00981053 0.0354181 -0.0392163 0.0286172 0.0412484 0.0148062 0.0103407 0.0156772 0.0091699 -0.0321408 -0.0299754 -0.00944885 0.0244492 0.0138238 0.0259185 -0.0618962 -0.0218634 -0.0209659 0.0114849 0.0465898 -0.0627869 -0.0582653 -0.0227575 -0.028172 0.00735698 -0.00200736 -0.038078 -0.0317474 -0.0193384 -0.0566245 -0.0177389 0.0090652 0.0446908 -0.0353721 0.00612972 0.0112825 -0.0124764 0.00853726 0.00948065 0.0073589 0.0102854 0.0109428 0.0616218 0.0565696 0.0347381 0.0284049 0.0195248 0.00276164 0.000793025 -0.0196944 0.0123086 0.00242599 -0.00492044 0.0027066 -0.00295563 -0.011058 -0.0376253 0.00863506 0.0133268 0.00265516 -0.0141241 -0.0182127 -0.00806656 0.0136013 -0.0119392 -0.0120489 0.00350183 0.00471576 0.00417442 -0.0243011 -0.0228167 0.00911984 0.0129119 -0.0189442 0.0184797 0.049762 0.0454543 0.00581063 -0.0532475 -0.0397519 -0.0377986 -0.0391769
internal_weight=7705.04 5816.98 4823.49 4544.57 4251.13 3692.02 1888.06 1229.8 298.988 186.342 1816.75 1875.28 930.817 1425.62 1746.01 547.948 336.681 288.379 173.66 728.377 640.533 116.879 449.655 343.467 293.705 230.124 136.905 114.719 76.4721 1017.63 998.973 93.2189 156.749 830.937 825.008 103.932 594.685 416.544 993.497 86.9766 249.365 168.347 38.7795 921.161 899.211 483.784 394.928 281.759 160.396 27.7467 893.062 392.161 251.975 228.816 219.735 46.5101 69.7726 20.4438 262.314 120.528 557.637 545.193 65.1522 132.65 382.869 272.653 514.885 244.977 243.471 57.0155 72.7888 61.9567 40.6355 178.14 269.907 30.3084 202.025 173.225 500.901 196.477 44.3812 237.568 231.448 216.751 193.897 21.6163 744.132 277.356 118.031 76.7171 54.3447 304.424 253.714 17.6871 50.7101 236.027 267.372 69.6096 54.9388 15.3804 157.845 186.892 103.568 83.3234 209.038 123.112 85.9267 12.4521 73.4747 85.5579 15.9946 36.7755 121.076 201.857 188.934 90.0268 67.9843 17.3853 144.282 121.895 96.7225 15.7184 21.3212 140.459 132.425 126.96
internal_count=35741 33433 29756 29737 29716 29669 2308 2242 164 155 15141 14528 2078 13979 15091 484 438 409 231 5459 5416 111 549 476 421 392 262 178 157 9632 9626 130 288 8640 8630 223 5339 3833 3677 149 1228 1207 106 9575 9549 5128 3716 2463 1196 119 9542 4081 2343 1807 1783 204 139 123 2376 136 5629 5598 117 1077 1594 1488 5441 2531 2324 101 349 301 129 1506 2910 157 2665 1579 5461 2414 115 2311 2295 2225 2079 117 2449 2295 1108 600 443 3047 2783 173 264 2610 3001 671 522 157 1422 2024 1062 962 2180 1211 969 136 833 819 186 189 1468 2000 1925 898 659 188 1268 1065 1007 179 172 1234 1201 1170
is_linear=0
shrinkage=0.05


Tree=16
num_leaves=127
num_cat=0
split_feature=5 7 6 5 2 6 6 5 5 5 6 0 4 5 7 6 7 4 0 2 1 2 0 5 2 5 1 7 0 6 4 1 1 1 2 6 5 5 4 6 0 6 1 7 6 5 5 2 4 4 7 6 5 1 2 4 0 5 2 5 2 7 4 1 4 5 1 5 0 5 7 2 1 0 7 5 2 7 1 4 5 2 4 6 2 0 7 4 5 4 4 1 2 7 2 4 2 1 6 2 5 1 4 0 1 5 6 0 7 0 1 6 2 1 1 7 1 5 5 4 7 1 1 1 0 4
split_gain=867.917 698.121 810.45 428.35 323.583 271.29 1237.45 157.767 93.0425 57.8224 57.3916 56.9203 52.2376 71.0782 47.7243 78.5223 125.418 110.368 54.3008 42.6633 55.8668 41.6679 42.0503 37.5578 30.1597 28.7841 34.9092 26.1666 35.1501 26.0813 25.9231 21.7844 21.6816 20.9164 18.0247 17.0455 13.7585 12.7913 11.6884 11.3623 11.1247 10.3297 9.57344 11.3294 10.7681 8.92063 8.64049 19.6656 19.4845 17.3709 8.0369 7.93 7.11837 16.2826 6.93573 6.48733 7.5438 7.51388 6.41808 7.98572 6.30517 6.44065 6.14325 5.40433 10.4786 5.35044 5.13486 4.66159 4.5564 4.34666 7.7554 6.72873 10.0844 4.34202 4.26622 3.98215 3.91861 3.9714 3.86352 3.75502 3.58966 3.93422 3.89856 3.49458 3.33816 5.42893 3.30655 4.20738 3.33111 2.99162 3.46068 2.82261 2.73128 3.97578 2.69296 2.63555 2.39476 2.3944 3.02115 2.16003 3.25284 2.70028 2.11885 2.10939 3.77881 2.08108 2.08017 2.05575 2.03843 2.25737 10.2146 2.90921 5.52008 3.235 2.48299 2.22663 2.41363 3.40522 2.02098 2.67932 1.96152 3.65529 2.76794 1.88287 1.82664 3.95367
threshold=-4634.4999999999991 8.5000000000000018 8.5000000000000018 4445.5000000000009 54385.500000000007 10.500000000000002 9.5000000000000018 7980.5000000000009 -1220.4999999999998 14573.500000000002 3.5000000000000004 42276.500000000007 179318.00000000003 3057.5000000000005 3.5000000000000004 8.5000000000000018 4.5000000000000009 155673.50000000003 29346.500000000004 47926.000000000007 36675.000000000007 39484.000000000007 42276.500000000007 -7842.4999999999991 41575.000000000007 219.50000000000003 32775.000000000007 5.5000000000000009 38358.000000000007 7.5000000000000009 103865.00000000001 28767.000000000004 21059.500000000004 28767.000000000004 37849.000000000007 4.5000000000000009 -9869.9999999999982 10095.500000000002 146208.50000000003 6.5000000000000009 49386.000000000007 2.5000000000000004 31856.500000000004 6.5000000000000009 6.5000000000000009 511.50000000000006 7196.5000000000009 31291.000000000004 132134.50000000003 116863.50000000001 5.5000000000000009 9.5000000000000018 1834.5000000000002 6172.5000000000009 25679.000000000004 129577.50000000001 27109.000000000004 -11269.999999999998 44324.500000000007 -10921.499999999998 12862.500000000002 1.5000000000000002 105111.50000000001 28174.500000000004 107732.00000000001 7557.0000000000009 13092.500000000002 6621.5000000000009 12078.500000000002 -587.49999999999989 5.5000000000000009 31291.000000000004 22333.500000000004 2355.5000000000005 4.5000000000000009 543.50000000000011 26360.500000000004 4.5000000000000009 20867.500000000004 58604.000000000007 -2755.4999999999995 4707.5000000000009 11938.500000000002 4.5000000000000009 23780.000000000004 22852.500000000004 4.5000000000000009 111940.50000000001 -9570.9999999999982 9222.5000000000018 90902.000000000015 24451.500000000004 20502.000000000004 5.5000000000000009 26039.000000000004 90005.000000000015 12862.500000000002 10642.500000000002 1.5000000000000002 15335.500000000002 917.50000000000011 16392.000000000004 48011.500000000007 12945.500000000002 13092.500000000002 11883.000000000002 7.5000000000000009 21999.000000000004 2.5000000000000004 21356.000000000004 19943.500000000004 3.5000000000000004 18843.500000000004 16392.000000000004 25072.500000000004 3.5000000000000004 13928.500000000002 2783.5000000000005 4821.5000000000009 85907.500000000015 1.5000000000000002 5361.5000000000009 7081.5000000000009 18167.500000000004 13513.500000000002 60587.500000000007
decision_type=2 2 2 2 2 2 2 2 2 2 2 2 2 2 2 2 2 2 2 2 2 2 2 2 2 2 2 2 2 2 2 2 2 2 2 2 2 2 2 2 2 2 2 2 2 2 2 2 2 2 2 2 2 2 2 2 2 2 2 2 2 2 2 2 2 2 2 2 2 2 2 2 2 2 2 2 2 2 2 2 2 2 2 2 2 2 2 2 2 2 2 2 2 2 2 2 2 2 2 2 2 2 2 2 2 2 2 2 2 2 2 2 2 2 2 2 2 2 2 2 2 2 2 2 2 2
left_child=4 2 3 8 14 6 12 45 11 10 41 24 13 -3 29 18 17 -17 34 20 25 22 46 27 32 26 40 -20 31 30 36 -29 62 38 35 76 78 -15 39 52 69 65 43 44 83 -4 49 48 50 74 -48 58 73 -54 -52 56 86 -58 59 -18 -38 66 80 64 67 79 68 96 -62 70 89 72 95 75 107 -27 77 -16 -1 -5 81 -2 -82 -34 85 92 -37 88 -88 -10 -91 -85 93 99 -80 123 -43 -55 -99 102 -101 -102 120 -83 -105 -69 -35 -12 -100 111 -111 112 113 115 -112 116 117 -110 -98 -120 -75 -122 -123 -71 -104 -126
right_child=1 5 7 9 -6 -7 -8 -9 19 -11 21 -13 -14 37 15 16 51 -19 23 -21 -22 -23 -24 -25 -26 33 -28 28 -30 -31 -32 -33 42 106 -36 55 60 -39 -40 -41 -42 63 -44 -45 -46 -47 47 -49 -50 -51 54 -53 53 97 -56 -57 57 -59 -60 -61 61 -63 -64 -65 -66 -67 -68 105 -70 71 -72 -73 -74 84 -76 -77 -78 -79 94 -81 82 103 -84 91 -86 -87 87 -89 -90 90 -92 -93 -94 -95 -96 -97 118 98 108 100 101 -103 124 104 -106 -107 -108 -109 109 110 114 -113 -114 -115 -116 -117 -118 -119 119 -121 121 122 -124 -125 125 -127
leaf_value=-0.058140216502601864 -0.057366511717187943 -0.02133166717809433 -0.0277399519671927 0.041629007743629237 0.0092070327150473707 0.064320119104875326 -0.069299654991049758 -0.066114059298486585 -0.027343207672368326 0.057407309127834039 0.018865205422179832 0.029355546675449568 0.06329380292401493 0.028555428189555448 0.00020657701757101354 -0.046175777435680472 -0.071452685739952546 0.079366891233510484 -0.022154697585234487 0.063558010664222148 -0.045796696306135157 0.049792013000957612 -0.056608948111531381 -0.034301284748518054 -0.070714146136227271 0.005712007319055367 0.074370630218527134 0.011959572802512874 -0.0070201376480653783 -0.066967510476459477 0.00048280067051025433 0.064676194088555003 -0.01134818154185065 -0.0067438903904758875 0.016757007327210697 -0.059733001078056652 -0.046267937640685965 0.061460737128461708 0.067284483239349935 -0.026274250752269558 0.062260046721490381 0.038600743170999194 -0.032526694052937864 0.032247895439529363 -0.03274343868915465 -0.0094259753278813467 -0.012529939161009227 0.043351735396213134 -0.040419649051525418 -0.028340936761105509 0.047090566037846948 -0.067397410042170799 0.033056034007898638 0.016367844261968443 0.0029289087016273981 -0.077199212140210138 -0.043645053785351239 -0.00017745030088619856 -0.037554474454333034 -0.038768499337878445 0.0081307790345148401 -0.034034652956357735 -0.067479603646567896 0.05326503137469301 -0.008111894584216026 0.052122261227836225 0.028678313306787686 0.032460814140569776 -0.049838376001366258 -0.0041315509930062002 0.014403063627391455 -0.055379873123258906 0.053128135585202768 0.0070789665801592521 0.037203073873619943 0.022352860894957437 0.019382900150400617 -0.04187813346213113 -0.013338940059334071 0.018970214114307465 -0.035515074337030043 -0.032730623414519704 -0.017925677575204382 0.0009755192440975757 0.024310499913246741 -0.033364934979774268 -0.041400454728100111 -0.057909653069908057 -0.012079568689736716 -0.009651423452743715 -0.041740342976702753 0.031642728095148946 0.034331410484956769 -0.032593822996277604 -0.050300763445732366 -0.037279350414344568 0.032250492351185087 -0.010965892932240085 -0.0070958085148123328 -0.029529818436373503 -0.015508900532345741 0.02979737568096651 0.026872467852988052 0.0068663226860240026 -0.025957400628876831 0.055318546656979321 -0.023389965151134198 -0.016116493201443479 0.034461805914121894 -0.036224477831532806 0.024666317447301106 0.033639282635027488 -0.024735192314335956 0.040734584347619139 -0.00055060234068128773 -0.0037926526072435255 0.042856746249752609 -0.007726103129505996 0.013402964448694172 -0.01986134115271479 -0.031114779275532658 0.017587053621331252 -0.0051980148782454832 0.025290251796545312 -0.017658427732459299 0.027880460346672215
leaf_weight=195.10477089881897 13.505868420004843 45.889209449291229 126.65602355450392 120.77095749974251 445.13231682777405 601.18152475357056 270.99062019586563 467.0781751871109 49.317032769322395 256.72671022638679 7.2736940011382085 53.93615186214447 549.63346636295319 49.471002772450447 12.764502950012689 35.601105071604252 57.777520097792149 32.570155262947083 55.304528266191483 28.194198489189148 56.593276739120483 54.074302852153778 26.620542705059052 73.337125554680824 31.835291862487793 66.498268112540245 12.702993452548979 37.26041305065155 74.319094210863113 164.62030363827944 31.156609654426575 42.355936795473099 13.94735115021467 40.891861885786057 13.984953269362448 51.948176115751266 114.11685750633478 88.594171661883593 8.4594272375106794 18.829074792563915 4.8373947143554679 8.5094111487269384 19.609249204397202 26.351888582110405 23.149100363254547 144.50397896766663 15.257832102477549 44.776137351989746 19.239797472953796 35.615291267633438 21.775071784853935 187.11130133271217 112.48470051586628 103.29852305352688 15.228563711047171 16.860351294279099 19.911856889724731 19.41128796339035 66.415246367454529 35.536425225436687 5.9737038835883158 99.254390984773636 8.4124761670827848 20.261270314455032 19.673094898462296 165.76712073758245 7.2433539554476729 55.34323288500309 5.8700375035405159 351.65478640794754 21.398612774908543 5.2647462487220755 6.8147751167416564 166.29690796136856 17.843999817967415 82.377279996871948 9.403395399451254 8.6671782806515676 11.37985470145941 25.538889333605766 39.643053077161312 102.94662674516439 193.24769914895296 14.058758080005648 19.579147636890411 8.6937125623226148 24.702577114105225 23.212440833449364 18.28823009878397 108.32857389003038 8.4137993752956373 16.171445712447166 6.5955546647310248 6.2944457083940497 10.26167920231819 4.9874683320522299 6.3057053238153484 20.441832289099693 16.222995571792126 10.119624167680742 5.4061174243688566 5.723110668361187 20.036447033286095 10.365892387926577 40.633657962083817 16.72950754314661 37.64044314622879 7.498587504029274 6.6805822029709878 11.717161208391188 24.422110468149185 18.275701992213726 8.3792853504419309 10.438015803694723 15.158916674554346 16.732656463980675 6.76035352051258 11.623796992003916 16.772595062851909 8.1466776579618436 8.8496020361781103 18.065027587115765 43.008038647472858 4.4952327683567992 8.9033273905515689 8.1448758766055089
leaf_count=2011 181 63 59 1578 43 29 19 46 590 1776 59 27 108 90 102 94 79 12 84 8 39 36 23 96 11 813 10 60 54 696 82 48 68 67 20 303 1356 420 8 81 2 96 30 61 58 53 100 69 30 71 141 105 1411 1259 58 33 56 51 30 49 61 916 22 57 75 2086 72 541 64 4032 55 10 26 1913 111 1044 37 65 78 278 489 1130 1979 65 77 49 128 60 98 1128 30 44 44 51 54 28 55 216 157 84 55 46 177 102 331 172 37 41 62 75 111 141 60 94 49 179 69 118 164 53 87 188 503 34 89 83
internal_value=-0.000186951 0.00996467 -0.00129346 0.00951234 -0.0283743 0.0377703 0.0218286 -0.0485219 -0.00255793 0.0369678 0.0296943 -0.0192465 0.0555471 0.0321567 -0.0390882 -0.031673 -0.0477558 0.0140127 -0.0182915 0.00364699 0.00255447 0.0110586 0.000926762 -0.00375328 -0.0240327 0.00435001 -0.00447467 0.00704202 0.0176391 -0.0495548 -0.0434503 0.0405212 -0.0210466 0.00959825 -0.036912 -0.040658 -0.0465029 0.0499963 0.0117759 0.011165 -0.00638273 0.0402924 -0.00162413 0.00506696 -0.00581484 -0.0180691 0.00951525 0.0177588 0.00128588 -0.00451441 0.0172041 -0.0599161 0.012013 0.0171216 0.029603 -0.0466941 -0.0429299 -0.0228484 -0.0507563 -0.0596017 -0.0376411 -0.0289623 -0.0264003 0.0291258 0.0249942 0.0455956 -0.0019557 0.030884 -0.0218542 -0.00709366 -0.0132992 -0.00393622 -0.0030385 0.00794189 0.0214233 0.015041 -0.00597932 -0.0176982 -0.0557676 0.0378634 -0.0253586 -0.0311189 -0.0210802 0.00859755 0.00474359 0.00344316 -0.0493236 -0.0403139 -0.0295992 -0.0169637 -0.0123414 0.0180287 0.00460501 0.00382516 -0.0325334 -0.00425596 0.0163062 0.0103711 0.00655327 0.00472798 -0.0102199 0.00791305 0.0059414 -0.0284286 -0.0191859 0.0385194 -0.014979 0.000895084 0.009091 0.0111849 0.00282037 0.0164579 0.0107346 0.0168761 0.0151098 0.00998855 0.0191729 0.00839985 0.00906603 0.00198849 0.00412851 -0.00281891 0.00163587 -0.00367643 0.0169461 0.00416031
internal_weight=7580.47 5573.61 3967.85 3229.62 2006.86 1605.76 1004.58 738.238 2243.87 985.749 729.022 607.815 733.588 183.954 1561.73 916.744 415.012 68.1713 501.732 1636.05 1607.86 265.204 211.13 282.577 553.878 1551.26 578.215 209.24 153.935 644.982 480.361 79.6163 522.043 973.049 219.155 205.17 449.205 138.065 894.517 886.057 565.512 463.818 113.288 93.6785 67.3267 271.16 184.509 116.277 71.5013 68.2316 52.2615 346.84 867.228 382.637 37.0036 174.335 157.475 39.3231 159.729 93.3139 232.458 118.341 408.755 151.741 131.48 312.077 19.0871 111.807 11.8437 560.675 187.458 373.217 367.952 484.591 32.6163 148.876 30.8351 21.4317 216.746 146.31 400.343 167.452 232.891 44.1776 335.716 316.137 118.151 66.2032 42.9908 166.059 116.742 30.2302 307.443 300.848 21.6415 361.137 39.7344 270.152 166.853 294.553 21.2489 11.1292 273.304 153.946 50.9996 72.0727 78.5323 14.7723 146.412 130.189 51.2982 78.8904 60.6147 52.2354 39.581 41.7974 25.0647 18.3044 31.225 24.9193 236.22 69.9227 61.0731 356.15 37.0847 17.0482
internal_count=35741 28644 27915 27757 7097 729 700 158 20087 7670 5894 4598 681 573 7054 1664 369 106 1295 15489 15481 739 703 342 4571 15442 5945 246 162 5390 4694 108 4560 9497 953 933 4612 510 9393 9385 5935 5155 326 296 235 112 680 398 329 282 299 263 9304 4001 199 729 696 107 158 128 2469 1113 4234 1213 1156 3942 197 1081 125 5933 1803 4130 4120 5303 211 1857 204 167 2143 1856 4212 1744 2468 177 3446 3369 589 286 226 1748 1158 109 3320 3276 132 4094 368 2590 1331 3225 185 101 3040 1563 433 713 104 100 1115 958 235 723 582 522 160 428 249 180 272 217 2691 778 691 4066 349 172
is_linear=0
shrinkage=0.05


Tree=17
num_leaves=127
num_cat=0
split_feature=5 7 6 5 2 6 6 5 5 5 6 0 4 5 7 6 7 4 0 2 1 2 0 5 2 5 1 6 4 7 0 1 1 1 2 6 5 4 0 6 6 5 6 2 4 5 7 5 6 6 5 1 4 2 2 5 2 7 4 2 5 2 1 4 1 5 0 5 1 0 5 0 1 5 2 7 4 2 5 2 4 1 1 2 2 0 2 6 2 2 7 4 2 1 6 2 1 1 0 5 0 7 2 5 1 0 1 4 6 5 7 0 1 6 2 1 7 1 1 5 1 0 7 6 7 2
split_gain=796.288 651.983 746.331 396.268 299.163 257.33 1144.75 153.228 84.7211 56.3333 53.7378 51.7667 50.4577 67.1739 45.0531 74.3692 116.408 101.789 50.0403 40.1081 50.3518 38.6521 38.0971 34.0506 28.6912 26.0853 32.3007 25.6762 24.2515 23.7893 32.2055 20.4063 19.7641 18.9897 16.6113 15.8678 13.5398 10.7899 10.3561 10.3264 9.90083 9.25569 9.79652 8.12048 34.5659 11.7867 8.70848 8.11634 8.03165 7.16722 6.53794 15.0688 6.13836 7.12128 6.12528 7.83025 5.98205 5.90828 5.79828 5.64745 5.28981 5.14662 5.12017 9.69953 4.69268 4.49312 4.24636 4.07281 3.96855 7.28891 5.67862 3.95441 3.75274 3.63931 3.57739 3.64925 3.56361 4.86457 3.35071 3.78461 3.60586 3.27106 3.19935 3.05772 3.04517 4.94754 2.6363 2.55248 2.53244 2.52096 3.6254 2.38964 4.8558 2.17904 2.38053 2.14938 4.12052 3.86062 2.09553 2.57906 1.96929 2.49199 1.96122 2.96079 2.48426 1.95477 3.44494 1.93421 1.89463 1.88612 1.85898 2.11538 9.26134 2.71203 5.06126 2.96605 2.59197 2.26817 1.95487 2.7128 1.80356 2.35832 2.65927 1.80206 2.66901 1.8015
threshold=-4634.4999999999991 8.5000000000000018 8.5000000000000018 4445.5000000000009 54385.500000000007 10.500000000000002 9.5000000000000018 7980.5000000000009 -1220.4999999999998 14573.500000000002 3.5000000000000004 42276.500000000007 179318.00000000003 6133.5000000000009 3.5000000000000004 8.5000000000000018 4.5000000000000009 155673.50000000003 29346.500000000004 47926.000000000007 36675.000000000007 39484.000000000007 42276.500000000007 -7842.4999999999991 41575.000000000007 219.50000000000003 32775.000000000007 7.5000000000000009 103865.00000000001 5.5000000000000009 38358.000000000007 28767.000000000004 21059.500000000004 28767.000000000004 37849.000000000007 4.5000000000000009 -9869.9999999999982 146208.50000000003 49386.000000000007 6.5000000000000009 2.5000000000000004 -2981.9999999999995 6.5000000000000009 30083.500000000004 118531.50000000001 7557.0000000000009 5.5000000000000009 511.50000000000006 9.5000000000000018 5.5000000000000009 1834.5000000000002 6172.5000000000009 129577.50000000001 33497.000000000007 44324.500000000007 -10921.499999999998 12862.500000000002 1.5000000000000002 105111.50000000001 31902.500000000004 7557.0000000000009 22969.000000000004 28174.500000000004 107732.00000000001 13092.500000000002 11883.000000000002 12078.500000000002 -8966.4999999999982 22333.500000000004 23346.500000000004 -548.49999999999989 2355.5000000000005 20867.500000000004 543.50000000000011 26360.500000000004 4.5000000000000009 58604.000000000007 13426.000000000002 -2755.4999999999995 4707.5000000000009 11938.500000000002 26163.500000000004 2215.5000000000005 24030.500000000004 23780.000000000004 22852.500000000004 17858.500000000004 5.5000000000000009 26039.000000000004 20502.000000000004 5.5000000000000009 115241.00000000001 21778.000000000004 10230.500000000002 1.5000000000000002 18026.500000000004 19271.500000000004 22842.500000000004 11635.500000000002 6621.5000000000009 18279.500000000004 3.5000000000000004 15335.500000000002 917.50000000000011 16392.000000000004 12945.500000000002 13092.500000000002 48011.500000000007 7.5000000000000009 3699.5000000000005 2.5000000000000004 21356.000000000004 19943.500000000004 3.5000000000000004 18843.500000000004 16392.000000000004 3.5000000000000004 25072.500000000004 13928.500000000002 2783.5000000000005 5548.5000000000009 7299.5000000000009 1.0000000180025095e-35 5.5000000000000009 3.5000000000000004 11213.500000000002
decision_type=2 2 2 2 2 2 2 2 2 2 2 2 2 2 2 2 2 2 2 2 2 2 2 2 2 2 2 2 2 2 2 2 2 2 2 2 2 2 2 2 2 2 2 2 2 2 2 2 2 2 2 2 2 2 2 2 2 2 2 2 2 2 2 2 2 2 2 2 2 2 2 2 2 2 2 2 2 2 2 2 2 2 2 2 2 2 2 2 2 2 2 2 2 2 2 2 2 2 2 2 2 2 2 2 2 2 2 2 2 2 2 2 2 2 2 2 2 2 2 2 2 2 2 2 2 2
left_child=4 2 3 8 14 6 12 47 11 10 40 24 13 -3 27 18 17 -17 34 20 25 22 43 29 32 26 38 28 36 -20 31 -31 58 37 35 74 72 39 68 50 60 42 81 44 46 -45 61 -4 54 -15 71 -52 53 67 55 -18 120 64 78 87 76 -12 63 65 66 95 -58 -37 69 70 82 73 -1 -27 75 -16 -5 -78 79 -2 -80 -34 -10 -48 85 89 -79 -43 -74 90 102 92 -69 109 -95 98 -97 -98 -42 -100 101 -84 107 -104 -105 -81 -107 -73 -35 -53 -96 113 -113 114 115 116 118 -114 119 -112 -38 122 -122 124 -108 -109
right_child=1 5 7 9 -6 -7 -8 -9 19 -11 21 -13 -14 49 15 16 48 -19 23 -21 -22 -23 -24 -25 -26 33 -28 -29 -30 30 -32 -33 41 108 -36 52 56 -39 -40 -41 62 59 -44 45 -46 -47 83 -49 -50 -51 51 93 -54 -55 -56 -57 57 -59 -60 -61 -62 -63 -64 -65 -66 -67 -68 91 -70 -71 -72 84 88 -75 -76 -77 77 86 80 105 -82 -83 100 -85 -86 -87 -88 -89 -90 -91 -92 -93 -94 94 110 96 97 -99 99 -101 -102 -103 103 104 -106 106 123 125 -110 -111 111 112 117 -115 -116 -117 -118 -119 -120 -121 121 -123 -124 -125 -126 -127
leaf_value=-0.056701305326229669 -0.055769437472062172 -0.0092684443621626391 -0.026440701148945756 0.040333322690844095 0.0087638638498688526 0.063309828847811569 -0.066866118167787911 -0.064830142170056435 -0.024020496571206886 0.056406274298034347 -0.0093788830159990122 0.028002003460070791 0.062103059827338492 0.063158616039878254 0.00019699139740454459 -0.044632027834771826 -0.069736925198984889 0.076963844614573174 -0.021152982892109692 0.062542433907272085 -0.043363119642068168 0.048362433737455711 -0.053825046268896726 -0.032686199328943906 -0.069166013478509772 0.0054363431957354996 0.072347007758436943 -0.065628545460646823 0.00045938732471460824 0.011386519577195012 -0.0066715830095820626 0.062622207793358295 0.015127604033906476 -0.0064070991491939431 0.015986637000966572 -0.052324941708303957 -0.058556627224096602 0.064780336347841166 0.060724393462837215 -0.025047167525466166 -0.0013280015214461778 0.0097676088297608422 -0.039200096232958337 -0.001986084538645478 -0.037966155296629681 0.037567887238337122 0.04800386875213411 -0.0089565922114181028 -0.065925156943684157 0.034729572683577188 0.031828788761057061 0.011672191166227752 -0.075003532587090846 -0.010058116617414119 -0.036143920815627006 -0.03722439420516261 0.0077627294140579575 -0.032641744466951679 -0.065412977331144526 -0.0085329415057418586 0.050898642676196496 0.030952487448421023 0.051840347409330328 -0.0077044100033236626 0.027240039425273366 0.05415196741309012 -0.048315487476489644 -0.052163662118938074 0.0093659612252478628 -0.050374671894001549 -0.0032611771640611411 0.0039220507632812956 -0.012778330447317732 0.021374205768734292 0.018507410833526194 -0.040179142325834256 -0.016653731030659164 0.042054154481537501 -0.034033328506869319 -0.03135476734808889 -0.017065151931336786 -0.015072382478525615 -0.0092284822111950073 0.013474338051874672 0.023234698265476493 -0.031861040909344079 0.00027518476003743868 0.037380951170147246 -0.048798789878963938 0.033017605854940804 -0.031082158915260255 -0.048798259565281221 -0.011579415803254143 -0.007957821594924714 -0.0059377536237445357 -0.0080535594546740103 0.043920474159343227 0.0015507116667691674 0.018824852375277937 0.04263317526686445 0.011692629603803779 -0.042129354197551448 -0.028141601006008023 -0.014842158315839585 0.028631154510675362 0.0065480155344388837 -0.028702335724827489 0.041394006528336552 -0.02230727437780371 0.02863557355376295 0.032404081631416136 -0.034391344963605755 0.023581372438572158 0.032490618127204988 -0.023532166984117357 0.039249548676047817 -0.0045745616988607058 -0.00052473819783268986 0.041369997578327301 -0.0032877917867698159 -0.036349342845174382 -0.044756047363625477 0 -0.043856960522387391 0.0007201988493978161 0.010745974982624664
leaf_weight=190.20358585566282 13.233585961163042 65.190273247659206 126.29417964816093 118.50846032425761 444.33111929893494 580.77012705802917 266.9492130279541 452.89207634329796 57.530602537095547 248.44704742729664 24.65875581651926 53.768760621547699 532.61528187990189 76.25116003677249 12.76497614383698 35.039876125752926 56.301176756620407 31.954477310180664 55.080517381429672 27.259376168251038 56.830514013767242 52.94753086566925 26.648351669311523 73.166525855660439 30.964923858642578 66.429241187870502 12.440021276473997 159.72468336671591 31.158247694373131 37.22996512055397 74.343373328447342 41.609729588031769 19.408604115247726 40.940569594502449 13.974380135536192 85.229442268610001 25.128703229129314 8.3875605463981611 4.7395117282867423 18.813330486416817 4.3126991912722579 17.664619997143745 23.931603118777275 31.330706238746643 37.450212016701698 45.017477482557297 24.165460012853146 144.52490283548832 181.88070653378963 39.109258726239204 111.05626159906387 72.126133821904659 16.524008452892303 17.28155317902565 65.616482019424438 35.209881231188774 5.9910422191023844 98.380598619580269 8.2793045490980131 18.984860643744469 161.40024327114224 10.408190861344336 19.816052570939064 19.729328960180283 7.2959187701344481 16.268697869032621 5.7859708219766617 10.062475018203257 34.709583468735218 8.9460594058036786 344.9536265283823 236.03429383784533 11.330317243933679 81.899815566837788 9.4031151384115201 8.625334754586218 6.5507350489497211 13.345127649605276 39.351630672812462 102.15509697049856 192.90213903039694 14.940229713916777 99.800508305430412 10.559857562184332 19.509508460760117 8.6959884613752347 5.4721260219812384 18.138570688664913 10.083970993757246 6.5559052601456633 6.3185332491993895 16.84936511516571 26.103209376335144 23.526179827749729 17.802655875682831 12.508326441049574 12.580472514033319 9.4422585293650609 22.701413981616497 32.575522556900978 9.1635486185550672 5.3530071899294844 10.136742733418943 5.4113072454929334 5.6997468397021294 10.374680608510969 19.340595789253715 5.2280606999993315 37.544970363378525 22.5610436424613 7.5559322088956895 11.776338584721087 24.317175209522247 18.23945152759552 8.4173851907253248 10.331858783960341 17.807725138962269 15.160051025450228 6.6908567622303954 13.109831407666205 12.291441701352598 66.994897365570068 7.9153320863842955 9.3395058736205083 11.810217492282389 31.777865961194038
leaf_count=2011 181 96 59 1578 43 29 19 46 689 1776 182 27 108 411 102 94 79 12 84 8 39 36 23 96 11 813 10 696 82 60 54 48 82 67 20 412 287 8 2 81 55 77 49 55 88 77 170 53 105 66 1411 875 33 45 30 49 61 916 22 32 2086 54 57 75 72 172 64 77 85 44 3933 2691 78 1044 37 65 84 151 489 1130 1979 31 1071 54 77 49 43 55 54 44 51 42 120 252 175 98 95 64 234 363 60 51 84 55 46 102 172 44 37 291 72 75 111 142 60 94 191 49 69 134 160 807 102 68 91 305
internal_value=-0.000179049 0.00962956 -0.00123729 0.00912612 -0.0273456 0.0369539 0.0212829 -0.0470602 -0.00243895 0.0358545 0.0286716 -0.0184117 0.0543329 0.031168 -0.0377898 -0.0305485 -0.0464256 0.0135713 -0.0175338 0.00348439 0.00243948 0.0106057 0.000889275 -0.00357444 -0.022994 0.00415168 -0.00424947 -0.0480734 -0.0420031 0.00673644 0.0168693 0.0389358 -0.0201067 0.00915966 -0.0355306 -0.0391653 -0.0450061 0.0112411 -0.00606899 0.0106542 0.0390595 -0.00154861 -0.0153313 0.00910676 0.000152025 0.0214558 0.0209241 -0.0171958 -0.0583019 0.0539449 0.0114653 0.0163794 -0.0450569 -0.0413845 -0.0490849 -0.057819 -0.0362064 -0.0277457 -0.0252363 0.013035 0.0443241 0.0029795 0.0280847 0.024061 -0.001874 0.0298013 -0.021022 -0.0451642 -0.00674989 -0.0078391 -0.00699727 0.00756359 -0.0543225 0.0143541 -0.00570846 -0.0169281 0.0366138 0.0181775 -0.0242275 -0.0298157 -0.0200952 0.0017957 -0.0144056 0.0383146 0.00451162 0.0032697 0.0307839 0.0245285 -0.0313838 0.00438066 0.00363214 -0.0328041 -0.0241055 0.00989856 0.00647888 0.0250147 0.0141809 0.026828 0.0308725 0.0334525 -0.0093572 -0.0113315 0.00449715 -0.00974217 0.00756861 -0.0271911 -0.0182893 0.00565499 -0.0142611 0.0160233 0.00879542 0.0108283 0.00266276 0.0157691 0.0104932 0.0160676 0.00992087 0.0144164 0.0193615 0.0104246 -0.0446859 -0.0400136 -0.0226853 -0.0247782 -0.0177164 0.0161826
internal_weight=7468.49 5487.62 3926.73 3203.02 1980.87 1560.89 980.115 723.711 2236.18 966.845 718.398 604.589 713.166 180.551 1536.54 904.251 406.003 66.9944 498.248 1631.59 1604.33 263.187 210.239 281.43 550.82 1547.5 577.636 632.285 472.56 208.264 153.183 78.8397 519.855 969.862 216.818 202.843 441.402 891.377 565.196 882.989 455.211 113.068 58.2804 183.591 107.242 76.3482 69.7923 270.819 339.008 115.36 864.176 380.479 172.05 155.526 157.128 91.5111 229.784 117.454 406.787 54.7881 305.277 35.0669 149.935 130.119 19.0729 110.389 11.777 138.244 560.457 525.747 516.801 483.697 211.618 148.329 30.7934 21.3903 143.876 25.368 398.507 166.254 232.254 34.3488 171.848 34.7253 335.368 315.858 18.8173 35.8032 21.4143 307.162 300.607 53.015 36.1657 269.423 174.735 94.1207 34.5311 22.0227 59.5896 55.2769 114.317 105.154 294.288 21.2478 11.1111 153.02 50.865 273.04 78.4855 94.6872 151.209 133.407 51.2536 82.153 63.9136 55.4962 45.1643 39.4772 27.3566 20.6658 112.33 87.2017 20.2068 40.4903 31.1508 37.0059
internal_count=35741 28644 27915 27757 7097 729 700 158 20087 7670 5894 4598 681 573 7054 1664 369 106 1295 15489 15481 739 703 342 4571 15442 5945 5390 4694 246 162 108 4560 9497 953 933 4612 9393 5935 9385 5155 326 162 680 548 132 460 112 263 477 9304 4001 729 696 158 128 2469 1113 4234 164 3942 236 1213 1156 197 1081 125 651 5933 5848 5804 5303 2143 1857 204 167 1856 278 4212 1744 2468 113 1871 224 3446 3369 194 132 132 3320 3276 239 197 2590 1424 909 257 159 652 597 1182 1122 3225 185 101 1563 433 3040 104 1166 1172 997 235 762 620 560 466 160 275 206 1356 1069 262 331 263 349
is_linear=0
shrinkage=0.05


Tree=18
num_leaves=127
num_cat=0
split_feature=8 6 6 7 3 2 7 1 6 4 6 3 8 7 1 7 6 3 6 6 7 4 1 1 7 1 3 6 7 6 3 8 6 3 1 1 7 8 3 6 3 6 6 4 6 1 8 4 6 4 3 3 1 4 6 4 1 8 7 3 3 4 2 3 1 8 6 1 3 2 2 7 3 3 1 1 4 4 8 4 3 1 3 4 3 4 6 6 6 2 2 4 1 3 4 1 3 1 2 1 3 3 4 3 1 8 8 4 1 1 2 2 1 2 2 3 4 2 4 3 3 3 4 3 3 4
split_gain=1513.16 595.77 679.468 717.15 231.059 316.403 146.065 138.52 136.011 98.9069 78.0841 95.6275 76.9544 52.4936 50.6956 50.3088 38.3886 36.5999 83.1764 70.2243 61.4362 30.8376 28.3965 43.3791 26.8341 19.9371 20.7715 20.9134 19.7309 19.9301 20.307 17.303 12.8464 11.4153 11.2814 14.8347 26.2673 23.4946 20.9476 13.7089 13.5539 18.7016 10.7751 10.7534 13.9255 10.3518 14.0785 20.1697 9.95369 9.70857 9.41194 7.49255 8.79745 7.32246 6.7564 12.9977 6.74181 6.55479 6.41291 6.40218 6.22203 5.85675 6.28258 5.7824 6.92645 5.64792 5.40066 5.10797 5.54493 5.08401 6.00253 4.96646 7.70346 6.29399 6.86141 5.5574 4.92673 4.91372 4.88639 5.49373 4.8173 5.53436 5.26377 4.6523 5.91698 7.79402 4.59152 4.45409 4.68586 4.35256 4.34444 5.96007 4.29809 4.23579 4.3159 4.11385 4.0968 9.25316 7.89913 5.96302 5.37035 4.08314 4.12188 3.99924 3.96591 3.9557 3.65244 4.14741 3.63957 3.51341 5.15485 3.46811 3.3793 4.32228 3.13915 2.89409 4.79702 6.08401 3.02267 2.86472 2.84423 2.77716 5.50679 4.17666 2.77146 2.74591
threshold=-1.4999999999999998 10.500000000000002 9.5000000000000018 8.5000000000000018 51325.000000000007 54385.500000000007 4.5000000000000009 51858.500000000007 2.5000000000000004 179318.00000000003 3.5000000000000004 45767.500000000007 3.5000000000000004 2.5000000000000004 32775.000000000007 3.5000000000000004 8.5000000000000018 39750.500000000007 10.500000000000002 9.5000000000000018 5.5000000000000009 193946.50000000003 35203.000000000007 24451.500000000004 6.5000000000000009 16908.000000000004 24298.500000000004 7.5000000000000009 2.5000000000000004 3.5000000000000004 35845.500000000007 -1.0000000180025095e-35 2.5000000000000004 27351.500000000004 22842.500000000004 35203.000000000007 5.5000000000000009 1.0000000180025095e-35 32071.500000000004 5.5000000000000009 35845.500000000007 4.5000000000000009 5.5000000000000009 129577.50000000001 6.5000000000000009 26163.500000000004 2.5000000000000004 118531.50000000001 1.5000000000000002 132134.50000000003 19534.500000000004 24298.500000000004 25072.500000000004 50843.500000000007 7.5000000000000009 102682.00000000001 30961.500000000004 4.5000000000000009 3.5000000000000004 9682.0000000000018 18701.500000000004 48011.500000000007 12192.500000000002 22637.500000000004 24451.500000000004 1.0000000180025095e-35 4.5000000000000009 14614.500000000002 9211.5000000000018 29582.500000000004 24030.500000000004 1.0000000180025095e-35 5421.5000000000009 4048.5000000000005 6172.5000000000009 5173.5000000000009 26563.500000000004 46605.000000000007 2.5000000000000004 107732.00000000001 8913.5000000000018 5806.5000000000009 5936.5000000000009 14128.500000000002 2388.5000000000005 8653.5000000000018 4.5000000000000009 5.5000000000000009 6.5000000000000009 11751.500000000002 14014.500000000002 48011.500000000007 2215.5000000000005 1600.5000000000002 6622.5000000000009 20477.500000000004 15076.000000000002 20114.500000000004 21336.500000000004 15760.500000000002 23687.500000000004 7207.0000000000009 36420.000000000007 12906.000000000002 21899.000000000004 -2.4999999999999996 -1.0000000180025095e-35 82359.000000000015 15181.000000000002 3762.0000000000005 4871.5000000000009 5691.5000000000009 2613.5000000000005 3154.5000000000005 6544.5000000000009 5421.5000000000009 30900.000000000004 9978.5000000000018 21051.500000000004 4126.5000000000009 3400.5000000000005 1161.5000000000002 3794.5000000000005 512.50000000000011 3100.5000000000005 37202.500000000007
decision_type=2 2 2 2 2 2 2 2 2 2 2 2 2 2 2 2 2 2 2 2 2 2 2 2 2 2 2 2 2 2 2 2 2 2 2 2 2 2 2 2 2 2 2 2 2 2 2 2 2 2 2 2 2 2 2 2 2 2 2 2 2 2 2 2 2 2 2 2 2 2 2 2 2 2 2 2 2 2 2 2 2 2 2 2 2 2 2 2 2 2 2 2 2 2 2 2 2 2 2 2 2 2 2 2 2 2 2 2 2 2 2 2 2 2 2 2 2 2 2 2 2 2 2 2 2 2
left_child=4 2 3 6 5 15 8 10 13 12 32 16 14 48 -5 54 21 18 20 -19 -17 25 23 105 -25 60 31 34 42 50 51 -27 65 -14 39 36 -36 56 -37 -28 41 -39 61 44 63 46 47 96 53 -43 67 52 66 71 55 -1 -38 -35 59 125 108 80 -63 64 78 -8 104 68 -30 70 -47 73 75 83 109 112 -74 -61 79 -33 81 82 -10 84 85 93 -65 -53 -89 103 91 115 -86 94 121 -64 -34 98 99 -98 -99 -83 -103 -79 -31 -22 107 -68 -12 -75 -111 -78 -73 -114 -76 118 -117 -118 -50 -77 -94 122 123 -2 -85 -15
right_child=1 -3 -4 9 -6 -7 7 -9 28 -11 11 -13 33 58 -16 17 -18 19 -20 -21 22 -23 -24 24 -26 26 27 -29 29 30 -32 43 45 57 35 38 37 40 -40 -41 -42 49 -44 -45 -46 69 -48 -49 90 -51 -52 87 -54 -55 -56 -57 -58 -59 -60 77 -62 62 95 86 -66 -67 106 -69 -70 -71 -72 72 76 74 114 119 111 89 -80 -81 -82 101 -84 124 92 -87 -88 88 -90 -91 -92 -93 120 -95 -96 -97 97 100 -100 -101 -102 102 -104 -105 -106 -107 -108 -109 -110 110 -112 -113 113 -115 -116 116 117 -119 -120 -121 -122 -123 -124 -125 -126 -127
leaf_value=-0.051369096805460014 0.0028206522099242779 0.062012255785093597 -0.068032494651161568 -0.051025747865391657 -0.065309928970004649 0.041196528302821979 0.038451816637242703 -0.051625754374494806 -0.0035762807198558874 0.061656550761376307 -0.032166594055598505 0.051869320831975145 0.058668109066005975 0.01758051550634452 0.029820160527074355 -0.056755005777008899 -0.058462137083728466 -0.022957026484479476 0.027647412378379584 -0.066727530571416491 -0.060140374743748719 -0.049699529275457864 -0.042687617989839555 0.036104818904421986 -0.010122757749378096 -0.031594596435043469 0.014371305380370847 0.027498832699835742 0.036219553293922818 -0.016493387461618748 0.033197624208054832 0.027279394088869164 0.037131080960511216 0.013928372969119952 -0.026766757251600701 0.01628713432790739 0.026191768279076322 -0.032085967838167334 -0.022140887256118423 -0.043898006592453249 0.02738121317621291 0.035636766351956388 -0.049160210680189678 0.064863147587533573 -0.029156275762262943 0.056122126870129574 0.057024775962820955 -0.052873208172379851 -0.0096560434629393323 -0.0025127462400866391 -0.033144925023038146 -0.060353551572459418 0.02063579662016661 0.053679166967396691 -0.064498087297568188 0.019298304376774988 0.056414023153908588 0.044829468744998317 0.033907159861681503 -0.013747344477195772 -0.056533770136904506 0.012749549626431808 -0.024322375577396162 -0.015168437709009953 0.057664602676628089 0.057160248760791947 -0.03117975040130562 0.013310927399944493 -0.0087724164483784089 0.064967479998213798 0.013243279034256875 -0.030436756482887885 -0.015029762414837883 -0.036866034009642272 0.045310466090408494 0.047663002109965727 0.036940173478838288 0.033021332070306324 0.061978116092973268 -0.01143002081790666 -0.038583606101167012 0.021394162215827833 -0.055813970458304177 0.031046783337148866 -0.031867779474575433 0.015205106697926388 0.024014250700241806 -0.013589735030315209 -0.048155879681256064 0.0033921678877986612 -0.044189735425611387 0.015488650620428588 -0.0025978991958687317 -0.013011625833612607 0.017413251897806136 0.0089857202741524863 -0.029061609446065874 0.034493895062636962 -0.047143109142891881 0.0189209801147022 -0.0074942644417368967 -0.026404847143180327 0.016394099865251716 -0.010166801276168071 0.021403512398799295 -0.027079382892091271 -0.033549699520935027 0.01693348528405722 0.02073097941067676 0.0057481410580202917 -0.02163162919560228 0.0011015205798651168 0.032293532697870123 0.0032969371907762262 -0.0032891188340738345 -0.026914310686208465 0.003418612389993074 -0.026839494680248818 0.028950703411901663 0.018788981437012495 -0.024757181856369104 -0.011855541785974795 0.013005248400085049 -0.012248342135871809 0.0063601571069454898 0.031554199706352419
leaf_weight=42.689562156796455 105.48397848010063 549.89214694499969 281.96734938025475 44.94828674197197 607.03503501415253 146.69418382644653 115.52372935786843 72.68482232093811 7.4593211486935642 670.82584935426712 5.4541333913803118 122.0237802863121 72.143636006861925 96.204387620091438 32.602705836296082 143.30189933627844 22.47134068608284 202.4242904484272 70.889136463403702 169.73201903700829 24.172082088887691 22.741063714027405 66.068640351295471 56.524559155106544 68.126241654157639 11.554798930883406 14.916561312973498 87.503444954752922 6.4753266759216777 77.844670690596104 14.632165133953093 52.031037159264088 27.496257994323969 36.54382298886776 40.539601773023605 52.957456260919571 63.930564612150192 39.72424404323101 102.41153240203857 27.270525269210339 44.655034989118576 23.75893347710371 62.647914439439774 18.594290919601917 10.310833737254141 14.335795618593691 22.536358378827572 9.2394350022077543 13.685386903584005 50.087866425514221 19.174828484654427 20.583654150366783 11.203680902719496 5.4392241388559333 157.57156632095575 6.994989186525344 28.429873511195183 34.953418001532555 73.364077407866716 20.782888568937778 13.682811461389063 14.069257639348505 110.97795110940933 11.110303871333601 25.037327468395233 79.975599303841591 7.8174428939819327 67.978515539318323 78.887187477201223 23.025976657867432 20.119254469871521 5.1184305399656287 52.408740818500519 18.724502123892307 5.620632164180277 10.720087856054304 6.3706105127930632 30.298895299434662 7.8022344782948485 10.294977650046347 110.41928455978632 8.1873705834150297 14.773288689553736 14.970023501664398 20.576684318482876 79.020563095808029 18.503183007240295 22.878536075353622 18.670922592282295 53.603185135871172 9.2163422331213933 18.97875102609396 77.463638551533222 69.458377383649349 32.81990858912468 9.3747199550271016 7.5281366333365431 47.167624555528164 7.2250766083598128 25.749824874103069 8.4445330798625928 22.93691606074572 6.4527046605944625 5.782409504055976 6.6015314832329741 19.772653713822365 103.92136725783348 8.0649426504969579 5.5180092826485634 24.932923868298531 50.363193221390247 85.744716472923756 14.312980014830826 85.688458777964115 6.0654288902878761 58.087544053792953 45.870568215847015 24.682753439992666 6.7072026096284381 51.702258169651031 17.110425524413586 51.686070464551449 66.463876217603683 79.616420783102512 44.964137557893991 64.489102382212877
leaf_count=402 1278 30 22 89 66 18 1387 14 76 115 55 39 397 1246 35 483 16 100 65 71 52 8 51 100 108 51 66 88 75 683 26 348 343 51 92 76 150 76 82 87 46 74 582 45 45 91 182 27 157 81 128 95 45 62 700 26 30 64 941 255 83 131 1172 51 129 757 73 663 818 48 78 65 516 236 59 124 88 340 55 41 1326 100 182 204 257 1010 92 77 55 554 98 196 952 844 415 64 74 358 49 224 44 294 78 56 39 66 831 44 45 289 463 1070 200 1028 73 658 568 295 58 522 213 625 824 956 551 900
internal_value=-0.000171574 0.0126488 0.00723467 0.0117237 -0.040267 -0.0272799 0.0023602 0.0151365 -0.00505704 0.052094 0.0187928 0.0107857 0.0229234 0.00344811 -0.0170273 -0.0370843 0.00454403 -0.0314437 -0.0217281 -0.0430585 -0.0310504 0.00641698 -0.015158 -0.00415225 0.0109205 0.00815193 0.00964507 0.00513188 -0.0214499 -0.0145328 -0.0224674 0.0252269 0.0370096 0.0444957 0.00106866 0.00343151 0.010086 0.0161506 -0.00899034 -0.0233236 0.00434835 -0.00482425 -0.0301252 0.029708 0.0243913 0.0282014 0.0211981 0.0147026 -0.00128137 0.0100065 -0.00101187 -0.0255282 -0.0208931 0.000515911 -0.0591462 -0.0411369 0.0360528 0.0295142 0.0207139 0.0170146 -0.0351806 -0.0260464 -0.0179308 0.0290525 0.0350388 0.0463825 -0.0232849 0.00316259 -0.0049217 0.0463616 0.0323047 0.000193356 0.00550372 -0.00196977 -0.0132365 0.0127738 -0.00291978 0.00758376 0.0261935 0.0207269 -0.0322837 -0.0201274 -0.0394111 -0.000139397 -0.00148202 0.000936171 0.00913519 -0.0409361 -0.0300068 0.0126791 -0.0122319 -0.0101981 -0.0116211 -0.00186251 0.000458699 -0.021634 0.0201775 0.0149435 -0.00311939 0.00738934 0.02801 -0.00786257 -0.0166132 0.0258776 -0.0132565 -0.0463095 -0.030144 -0.00689622 -0.00563665 -0.0177769 -0.0125433 0.00400388 0.00559831 0.0077753 0.0214207 -0.013584 -0.0163481 -0.00732433 0.00356788 0.0244998 -0.00687638 -0.00141101 0.000753556 -0.00366503 0.0130166 0.0233798
internal_weight=7356.88 5574.88 5024.99 4743.02 1782 1174.96 3851 1414.37 2436.63 892.018 1341.68 933.316 221.192 1604.6 77.551 1028.27 811.292 821.012 448.855 372.156 377.966 788.821 234.664 168.596 124.651 766.08 741.425 576.186 832.034 464.735 292.219 165.239 408.368 143.641 488.682 446.495 291.126 250.587 155.369 42.1871 158.226 113.571 367.299 153.684 135.09 212.868 155.387 132.851 1260.07 73.8468 172.516 277.587 215.454 1082.85 207.256 49.6846 92.3604 71.4972 344.525 271.161 24.655 304.651 134.422 124.779 95.1656 195.499 204.25 153.341 85.3625 57.481 34.4551 1077.41 312.066 765.341 105.707 167.542 144.524 110.467 70.1282 62.326 170.229 59.8096 22.2326 659.634 599.7 484.549 29.6135 62.1331 41.5495 89.6845 177.229 168.012 115.151 405.529 336.07 120.353 123.611 96.1152 40.503 33.278 55.6122 37.577 29.3896 36.0813 84.4462 43.9447 119.804 15.8824 10.9721 94.0206 75.2961 92.1153 105.12 100.001 11.6861 149.033 128.641 70.5533 20.3926 62.4223 94.5741 303.25 251.564 185.1 59.9342 160.693
internal_count=35741 33433 33403 33381 2308 2242 32630 5727 26903 751 5713 2051 636 19246 124 2224 2012 1096 925 171 860 1996 377 326 208 1988 1805 948 7657 3652 1968 857 3662 512 860 707 549 457 158 153 277 231 4005 806 761 1518 1301 1119 14954 155 1684 1942 1715 12924 1128 428 180 115 4292 3351 183 3423 1367 716 573 2144 1670 1556 893 217 169 12862 3613 9249 1120 1939 1674 1205 444 389 2056 730 258 8129 7374 5952 143 227 132 950 2030 1932 1422 4942 4098 1236 1092 749 347 298 402 472 372 396 722 118 948 117 100 988 752 1158 1293 1228 132 1736 1521 863 215 646 1165 3683 3058 2234 755 2146
is_linear=0
shrinkage=0.05


Tree=19
num_leaves=127
num_cat=0
split_feature=7 6 6 3 4 7 6 1 7 6 3 0 1 6 1 1 7 6 6 7 2 1 0 3 0 1 6 0 1 3 0 2 7 3 6 7 7 3 1 7 1 0 6 1 3 0 3 2 3 1 6 4 6 6 6 3 3 4 3 0 0 2 1 0 3 7 3 0 7 1 2 3 7 3 7 6 2 2 1 2 1 3 1 0 0 7 3 0 3 4 4 1 3 1 0 6 1 2 4 3 4 2 1 3 1 6 7 0 4 0 1 3 4 2 0 0 3 0 2 0 3 0 2 4 0 3
split_gain=662.999 580.099 357.931 215.668 283.036 168.62 154.808 149.809 124.139 89.4175 68.118 90.1601 67.1095 60.2378 54.0727 92.9721 47.8613 46.4811 49.1998 63.2417 41.9984 34.6817 24.093 34.4305 25.5612 23.6306 23.1054 19.4424 19.4091 21.8437 23.8071 21.3682 17.9941 17.631 12.3454 11.8249 10.6862 10.6821 19.913 22.36 9.87579 12.5748 9.04864 8.70344 8.55544 8.50835 10.3498 8.03151 7.99358 19.2279 7.68439 13.6381 7.46756 7.36907 7.17612 13.4698 8.04196 6.84191 6.77177 6.76054 6.35581 6.30102 8.29164 6.15074 6.02767 5.98971 5.8819 7.31981 5.82068 5.38485 5.79975 5.36139 5.22271 6.12125 5.21371 5.06642 4.94243 5.7412 4.89342 9.44529 4.63163 4.96646 4.5805 7.6943 4.87535 4.5187 7.00131 6.97045 5.70724 8.42151 5.22743 5.15191 4.34716 6.92896 4.33942 6.32234 4.12911 3.98992 5.41632 3.97562 6.44468 3.8056 3.71689 3.52552 4.02041 3.49071 3.48522 7.44445 7.59871 3.48245 6.94726 3.32821 3.95221 8.63675 3.15262 4.59976 3.12216 2.95438 2.88297 2.83553 5.21241 2.86267 4.25165 2.75751 2.72806 2.63848
threshold=8.5000000000000018 7.5000000000000009 9.5000000000000018 45767.500000000007 227302.50000000003 4.5000000000000009 2.5000000000000004 40907.500000000007 3.5000000000000004 3.5000000000000004 39750.500000000007 31882.000000000004 44716.500000000007 6.5000000000000009 51858.500000000007 44716.500000000007 2.5000000000000004 10.500000000000002 8.5000000000000018 6.5000000000000009 44324.500000000007 31856.500000000004 49386.000000000007 39750.500000000007 38358.000000000007 36675.000000000007 3.5000000000000004 44870.500000000007 16908.000000000004 21466.500000000004 28846.500000000004 28021.500000000004 2.5000000000000004 35845.500000000007 2.5000000000000004 7.5000000000000009 6.5000000000000009 32071.500000000004 24451.500000000004 5.5000000000000009 26163.500000000004 28358.500000000004 1.5000000000000002 30961.500000000004 19534.500000000004 25611.000000000004 27901.000000000004 31291.000000000004 24298.500000000004 19570.500000000004 6.5000000000000009 135236.50000000003 6.5000000000000009 5.5000000000000009 3.5000000000000004 35845.500000000007 32071.500000000004 50843.500000000007 28495.500000000004 23346.500000000004 25954.500000000004 26039.000000000004 23890.500000000004 21551.000000000004 27901.000000000004 3.5000000000000004 9682.0000000000018 11327.500000000002 1.0000000180025095e-35 31856.500000000004 28552.500000000004 18701.500000000004 5.5000000000000009 19045.500000000004 3.5000000000000004 5.5000000000000009 29582.500000000004 24030.500000000004 20114.500000000004 18510.500000000004 14837.500000000002 9211.5000000000018 24177.500000000004 24436.500000000004 18279.500000000004 1.0000000180025095e-35 5421.5000000000009 5111.0000000000009 3100.5000000000005 11938.500000000002 21382.000000000004 6172.5000000000009 1893.5000000000002 2096.5000000000005 21134.500000000004 4.5000000000000009 1845.5000000000002 14014.500000000002 48011.500000000007 4902.5000000000009 14128.500000000002 15335.500000000002 15062.500000000002 4048.5000000000005 2613.5000000000005 5.5000000000000009 3.5000000000000004 29892.500000000004 103865.00000000001 24983.500000000004 21059.500000000004 7301.5000000000009 45286.500000000007 12192.500000000002 20150.500000000004 18126.500000000004 6203.5000000000009 15767.500000000002 6544.5000000000009 9050.5000000000018 6203.5000000000009 6484.0000000000009 4784.5000000000009 103865.00000000001 16701.500000000004 5421.5000000000009
decision_type=2 2 2 2 2 2 2 2 2 2 2 2 2 2 2 2 2 2 2 2 2 2 2 2 2 2 2 2 2 2 2 2 2 2 2 2 2 2 2 2 2 2 2 2 2 2 2 2 2 2 2 2 2 2 2 2 2 2 2 2 2 2 2 2 2 2 2 2 2 2 2 2 2 2 2 2 2 2 2 2 2 2 2 2 2 2 2 2 2 2 2 2 2 2 2 2 2 2 2 2 2 2 2 2 2 2 2 2 2 2 2 2 2 2 2 2 2 2 2 2 2 2 2 2 2 2
left_child=1 5 7 4 8 6 16 13 -3 34 11 37 22 54 15 -5 42 18 19 -13 21 -15 23 24 28 43 32 -12 71 47 31 36 68 48 123 50 58 38 -10 -40 41 72 57 -26 80 -33 -47 52 49 53 51 64 82 74 -2 56 69 85 109 -38 61 62 105 -55 -32 66 119 -68 116 70 -56 102 73 117 114 -37 77 -42 79 -74 81 -34 83 84 -30 88 90 -88 89 92 103 99 93 -1 95 -76 -94 98 125 100 -90 -69 -11 104 -87 -51 107 108 -50 110 -31 -70 -113 -114 115 -28 -8 -36 -93 120 121 122 -18 -7 -103 -44
right_child=2 3 -4 14 -6 9 26 -9 10 12 27 17 -14 20 -16 -17 65 -19 -20 -21 -22 -23 -24 -25 25 -27 33 -29 29 30 35 45 44 -35 40 75 59 -39 39 -41 76 -43 97 -45 -46 46 -48 -49 106 60 -52 -53 -54 63 55 -57 -58 -59 -60 -61 -62 -63 -64 -65 -66 -67 67 101 111 -71 -72 -73 78 -75 94 -77 -78 -79 -80 -81 -82 -83 -84 -85 -86 86 87 -89 91 -91 -92 118 96 -95 -96 -97 -98 -99 -100 -101 -102 124 -104 -105 -106 -107 -108 -109 -110 -111 -112 112 113 -115 -116 -117 -118 -119 -120 -121 -122 -123 -124 -125 -126 -127
leaf_value=-0.00026179563731031568 0.059373491682339269 -0.066249564228788138 0.0040996038658207556 -0.065500303169585536 0.063752041679914426 0.04142187271310676 -0.0086893269006771048 0.061505285924135303 -0.054579849930658841 -0.034877085530751493 -0.026886321606583774 -0.024829402325833347 0.055428220327250116 -0.052243102204526874 -0.06783683399700606 -0.011718879134098751 0.040369690981393098 0.039638180540196188 -0.035414067688615755 0.042386699701822753 0.02864492686128689 0.006979457747974544 -0.037996141750463765 0.034026738029955275 -0.016048641670307309 -0.041059061938249777 -0.031313050613442132 -0.062198316934662629 0 0.019707037146457454 0.00081140494939315399 -0.052566684137975266 0.034778450233626197 0.019992875500444238 -0.0016761487733122742 -0.016654014197358007 -0.0070949359804425866 -0.064514746119674629 -0.046607111340748436 0.016356138466023847 0.054994338173961793 -0.018287308040191172 0.0034308974899347104 0.013448291082759151 -0.031620844989377714 0.0064039030494260248 -0.041896768886212438 0.068795363592161776 -0.036380569623102453 -0.00071420579432548341 0.005178380377861602 0.052614788379191313 -0.019376056832758476 -0.047746799109768513 0.038536949081342441 0.061624879732831706 -0.0041803340928163795 0.052340336573668093 -0.042302872909584011 0.040627752767794754 0.021579799602278519 -0.035519893816728224 0.036183192398630895 -0.010822846632145583 0.030377657628469935 0.032708670764701651 -0.014095942431634112 0.019120346948626701 0.016427389601756315 0.056095700997706825 0.00093559948234120242 -0.054927573181571245 0.036208061214507953 -0.01542202034549334 -0.0021552476356083527 0.012384322013600194 0.063839326741355992 0.012694914835653007 0.042581463678745143 -0.010440517299698868 0.013189512723765662 -0.0077856925125078308 0.053785950111819407 -0.0034272046547254124 0.044238627861601543 -0.027194695327716002 -0.050401168577134538 -0.00021017705669883893 -0.022264267160414568 0.020251064582290024 0.023621359616077905 0.044131439074782286 -0.026597836058652503 0.028461953242609701 0.024903644334766172 -0.052576885786540087 -0.0045049947516361015 -0.042362269193471594 0.014793251148721185 -0.023986133025284413 0.00098884453079663734 -0.034266907768315306 0.017574823958983531 -0.0063071270178364685 0.01607227091307601 -0.026174561729265119 -0.054403256419603307 -0.068567344821268097 0.0086114144378762175 0.015376003225710647 -0.028407519373975672 -0.028703318165962624 0.019464687637529145 -0.020976173077156275 -0.052412686118706191 -0.0030122780983751502 -0.042859391576425238 0.034331840646251707 -0.0023058759855822042 0.030822774586821401 0.0042491348802815828 0.038855216919709584 -0.002207435297031267 0.058735535429961738 0.011729015991385185 -0.015598395816746156
leaf_weight=376.61004747450352 42.715163439512253 164.99058828875422 995.07240784168243 167.60374584794044 93.549772262573242 152.45820999518037 8.9853169023990613 617.72746986150742 49.184302732348442 5.5548619925975817 80.121862322092056 60.187549918889999 65.488528519868851 48.812357828021049 386.65530848503113 155.04426395893097 8.2862670309841651 83.615548551082611 78.610508233308792 80.806848615407944 64.962089836597443 48.407904908061028 33.12613308429718 88.640965104103088 48.990152254700661 59.571239471435547 141.67815610766411 81.711340963840485 7.7047855556011191 10.979053251445295 35.829901129007339 27.727946519851685 6.4485780894756308 16.960914820432663 7.5317918583750751 34.547549694776535 9.9072703570127469 34.6504897326231 23.693636499345303 31.880542829632759 13.929161503911017 17.723160110414028 20.345807872712612 48.990119457244873 19.143068559467793 22.746241688728333 19.968680575489998 11.527298003435133 29.550054751336575 29.312547221779823 50.063767075538635 38.627208143472672 7.9181021973490706 104.43098666146398 21.351904109120369 30.96824711561203 20.556853473186493 5.3278578743338576 10.493214994668959 24.211470745503902 14.251535683870314 22.57202934473753 9.2829815670847875 13.800523713231085 32.980404943227768 72.31342838332057 28.618727266788483 70.569323997944593 6.0021133869886389 15.975414574146269 19.559608697891235 13.993750080466269 28.026536624878645 14.306740283966063 20.698936268687248 24.925479412078857 22.297406673431396 19.98558134585619 50.949730649590492 16.524325665086508 64.074183370918036 82.681898530572653 15.121716663241385 19.019880399107933 29.135026142001152 4.9043469354510298 6.2946908548474303 138.15328045934439 44.087205193936825 48.829837471246719 62.072802871465683 5.6550725400447828 26.167010247707367 21.215927638113499 6.4379207491874686 8.086673319339754 102.2709971293807 9.1773549243807775 18.92574480548501 46.722155567258596 86.526843346655369 5.3861494362354261 5.9431993067264557 39.729591436684132 60.129221253097057 24.66809494048357 46.214911699295044 11.244939625263212 12.838688746094702 21.02738855779171 19.092716105282307 58.769179180264473 16.827577628195286 49.937516510486603 16.621860474348068 16.654888555407524 44.205446526408195 18.649894680827856 6.1406015977263451 63.052704889327288 46.385220784693956 26.536286305636168 15.102742064744232 38.289912380278111 5.5369337797164917 128.25559223070741
leaf_count=4597 297 719 76 77 8 1949 95 102 217 56 69 74 28 59 27 27 101 51 81 74 30 45 13 65 57 54 1624 32 63 67 101 81 75 33 88 73 56 60 66 75 91 68 215 49 128 64 45 25 191 193 90 66 44 1087 108 26 26 62 35 113 55 111 59 87 79 941 328 772 70 32 48 86 334 98 183 49 48 78 397 129 622 859 94 109 201 62 53 1621 553 639 609 60 322 282 44 72 1255 98 196 447 1020 58 49 456 812 173 166 23 40 90 105 726 160 509 117 139 579 187 74 890 618 374 163 195 47 1521
internal_value=-0.000162154 -0.00926559 0.0249642 -0.0347443 -0.0179152 0.00143298 -0.00604735 0.0472302 -0.0279207 0.0164665 -0.0173582 -0.00715504 0.00720659 0.0189631 -0.0551589 -0.0397879 0.00329403 0.00814523 -0.00394851 0.0136856 -0.00219406 -0.0229333 0.00307709 0.00495798 0.000980312 -0.0165056 -0.0225943 -0.0450189 0.00653267 0.00885419 0.00358915 -0.0106004 -0.0126297 -0.0290751 0.0358898 0.0144769 0.00475316 -0.0402904 -0.0316963 -0.0107487 0.0272216 0.0203732 -0.00121577 -0.0012628 -0.00095828 -0.0313059 -0.0165035 0.0308236 -0.0306945 -0.0275613 0.0216183 0.0291145 0.0244218 -0.033402 0.0415659 0.0340253 0.0222802 0.000498422 -0.00762418 0.0268204 -0.00820658 -0.0134012 -0.00500173 -0.0436057 0.0152861 0.0198567 0.0162812 0.00723388 -0.0234282 0.0318355 0.0211305 -0.0351112 0.025545 0.00998485 -0.0274591 -0.00439766 0.0451778 0.0312885 0.0319182 0.0189465 0.00302082 -0.00429901 0.0295783 0.0221064 0.0351634 0.000188581 0.0052612 -0.00276324 -0.00187524 0.00059841 0.0122137 -0.00938675 -0.00125054 0.00132502 -0.0093664 -0.0177776 -0.00921537 -0.0116728 -0.00972056 -0.0115622 -0.0069315 0.0148652 -0.00812838 0.00524787 0.0123713 -0.0127045 -0.0436844 -0.0335299 -0.0227538 7.64047e-05 -0.0106113 -0.0174821 -0.0192599 -0.0105728 -0.0309993 -0.0284051 -0.0374463 0.0241088 0.0212754 0.0224172 0.0166027 0.0276732 0.0137086 0.0452116 -0.0115039 -0.0129541
internal_weight=7244.65 5318.54 1926.11 1572.31 863.003 3746.24 2501.71 931.037 769.453 1244.53 604.463 442.629 843.854 313.31 709.303 322.648 1599.33 303.22 219.605 140.994 162.182 97.2203 778.366 745.239 656.598 157.552 902.382 161.833 499.047 473.555 383.128 166.154 357.075 545.307 400.672 216.974 95.7111 139.409 104.758 55.5742 209.924 153.712 1257.54 97.9803 172.348 70.4429 42.7149 90.4268 528.346 428.497 157.501 107.438 78.8995 328.41 151.127 108.412 77.4438 1080.84 61.5924 34.1187 100.087 85.8357 63.2636 118.232 68.8103 341.788 269.474 110.111 184.727 56.8869 40.9115 25.4918 135.989 40.4884 210.178 59.473 56.2121 33.9147 95.5006 44.5509 153.205 89.1305 70.9814 55.8597 36.8398 1075.51 311.284 144.448 764.226 575.094 166.836 189.132 526.264 397.826 35.2235 28.7856 128.438 176.704 167.527 177.336 130.614 81.4924 11.4981 104.763 65.0336 53.9806 99.8486 53.6337 42.3887 51.0992 30.0718 131.536 125.534 66.7651 174.955 158.333 53.1908 26.1817 11.7957 159.363 96.3105 49.9253 23.389 190.748 10.9231 148.601
internal_count=35741 34892 849 1657 1526 33235 27466 773 1518 5769 799 698 2107 671 131 104 19246 280 229 148 134 104 2079 2066 2001 160 8220 101 1841 1650 1114 656 3823 4397 3662 458 466 418 358 141 1518 1301 14954 106 1684 190 109 536 4364 3944 336 246 511 3353 537 240 214 12924 297 169 591 536 425 1174 180 4292 3351 1205 2139 188 156 191 1233 373 2179 122 217 169 860 463 1556 934 467 373 264 12862 3613 1674 9249 7095 1939 2154 6456 4879 299 255 1577 2030 1932 2020 1573 877 105 1330 874 366 420 254 231 262 172 1465 1395 669 1880 1763 674 275 134 2146 1256 638 264 2144 105 1736
is_linear=0
shrinkage=0.05


Tree=20
num_leaves=127
num_cat=0
split_feature=8 5 6 6 3 5 3 4 5 1 1 4 5 3 3 8 8 8 8 3 1 3 6 1 5 8 6 3 5 2 4 2 8 2 5 6 2 3 1 3 5 6 5 5 8 4 5 2 5 2 6 4 5 3 8 2 1 1 3 3 4 1 3 3 1 2 3 6 8 6 5 5 5 3 5 4 3 5 1 3 8 2 1 4 5 8 6 1 5 3 1 2 5 2 5 2 1 3 8 4 1 6 3 1 3 1 2 1 4 2 1 3 3 5 5 5 5 2 3 1 2 5 4 2 1 2
split_gain=1276.15 721.155 380.948 544.007 618.528 334.635 267.199 341.087 110.413 122.068 88.0512 45.3508 45.1815 39.3485 33.1526 28.8955 76.652 27.7002 39.3937 24.974 37.8117 24.9305 49.372 45.8554 46.6655 24.6567 24.6435 24.4746 19.5893 18.5894 24.5615 17.8435 33.9884 16.3158 15.6733 32.8077 21.3354 33.9384 19.7962 14.8021 13.6372 12.7721 17.4806 20.6315 10.9524 13.3867 10.8427 10.2177 9.9063 9.72082 9.53059 13.1701 9.23553 9.00563 8.82666 8.80223 8.40813 7.63206 10.3681 7.21864 6.84318 6.71555 6.69945 6.73598 5.62561 8.10124 8.53094 7.82924 5.38262 5.23514 5.20189 5.20022 4.71776 4.64485 4.43132 5.28048 8.13353 4.26587 4.93329 4.7865 3.87858 5.16584 4.94299 3.80782 3.70032 3.39593 3.31895 3.26794 2.99938 5.34761 2.58731 5.53714 8.13125 7.36667 2.54819 2.33731 2.29204 4.50577 2.30413 2.56768 2.27462 2.15078 2.08712 3.15902 2.04554 2.28416 2.03812 1.96356 2.82085 1.96024 2.32331 1.9365 2.28323 1.90416 1.90247 2.1085 1.83784 2.02974 1.74538 1.62464 1.5477 1.56665 1.58651 1.5119 3.66988 2.87132
threshold=-1.4999999999999998 10634.500000000002 10.500000000000002 9.5000000000000018 51325.000000000007 -517.49999999999989 45767.500000000007 227302.50000000003 3998.5000000000005 51858.500000000007 22842.500000000004 113394.50000000001 -8685.4999999999982 39750.500000000007 24298.500000000004 2.5000000000000004 1.5000000000000002 -1.0000000180025095e-35 2.5000000000000004 42192.000000000007 36675.000000000007 39750.500000000007 10.500000000000002 40907.500000000007 -5879.4999999999991 -3.4999999999999996 7.5000000000000009 32071.500000000004 13643.500000000002 39484.000000000007 155673.50000000003 37849.000000000007 -1.0000000180025095e-35 31291.000000000004 1045.5000000000002 8.5000000000000018 44324.500000000007 35845.500000000007 23078.000000000004 32071.500000000004 -11269.999999999998 4.5000000000000009 -5119.9999999999991 -8132.4999999999991 1.0000000180025095e-35 126938.50000000001 7196.5000000000009 54385.500000000007 -3501.4999999999995 26039.000000000004 8.5000000000000018 132134.50000000003 -13664.499999999998 12801.000000000002 -2.4999999999999996 29582.500000000004 27156.500000000004 27664.000000000004 7879.5000000000009 39750.500000000007 62163.000000000007 5361.5000000000009 33076.500000000007 28495.500000000004 21059.500000000004 18345.000000000004 15704.500000000002 3.5000000000000004 3.5000000000000004 6.5000000000000009 -7104.9999999999991 6294.5000000000009 1834.5000000000002 1831.5000000000002 -15736.499999999998 118531.50000000001 26412.000000000004 -893.49999999999989 2976.5000000000005 21466.500000000004 -1.0000000180025095e-35 25304.000000000004 25072.500000000004 116863.50000000001 4225.5000000000009 -4.4999999999999991 4.5000000000000009 21059.500000000004 143.50000000000003 478.50000000000006 31856.500000000004 24030.500000000004 20182.000000000004 29582.500000000004 -1472.4999999999998 7834.5000000000009 14490.500000000002 15582.500000000002 1.5000000000000002 105111.50000000001 4110.5000000000009 1.5000000000000002 13336.500000000002 11139.500000000002 4048.5000000000005 559.50000000000011 7740.5000000000009 18947.000000000004 77467.000000000015 21778.000000000004 16010.500000000002 5682.5000000000009 6023.5000000000009 -3893.4999999999995 5832.5000000000009 7196.5000000000009 -4167.4999999999991 5524.5000000000009 7118.5000000000009 9635.5000000000018 337.50000000000006 -186.49999999999997 2073.5000000000005 11648.500000000002 25072.500000000004 21131.000000000004
decision_type=2 2 2 2 2 2 2 2 2 2 2 2 2 2 2 2 2 2 2 2 2 2 2 2 2 2 2 2 2 2 2 2 2 2 2 2 2 2 2 2 2 2 2 2 2 2 2 2 2 2 2 2 2 2 2 2 2 2 2 2 2 2 2 2 2 2 2 2 2 2 2 2 2 2 2 2 2 2 2 2 2 2 2 2 2 2 2 2 2 2 2 2 2 2 2 2 2 2 2 2 2 2 2 2 2 2 2 2 2 2 2 2 2 2 2 2 2 2 2 2 2 2 2 2 2 2
left_child=6 2 3 4 5 10 7 11 9 15 12 40 60 14 53 16 34 59 19 20 41 22 23 24 26 -23 -13 -18 31 30 39 32 -3 -26 35 38 37 57 88 46 -1 -19 43 52 123 -46 -16 54 55 69 51 -28 -43 71 -8 61 68 58 72 -12 -2 116 63 83 65 113 -67 -68 84 -42 -69 118 73 -36 -62 76 109 78 94 87 -60 82 86 -44 -55 -52 106 107 102 -90 91 -30 93 -93 -50 -79 97 114 -98 -100 -74 -102 103 120 105 -91 -82 108 -80 110 -76 -106 -113 -63 -86 -116 -14 -118 -10 -108 -7 -122 -123 -34 125 -125
right_child=1 28 -4 -5 -6 8 47 -9 13 -11 17 21 48 -15 29 -17 27 18 -20 -21 -22 25 -24 -25 33 -27 50 -29 90 -31 -32 -33 44 -35 36 -37 -38 -39 -40 -41 49 42 62 -45 45 -47 -48 -49 77 -51 85 -53 -54 56 -56 -57 -58 -59 80 -61 74 64 -64 -65 -66 66 67 70 -70 -71 -72 -73 100 -75 75 -77 -78 95 79 -81 81 -83 -84 -85 96 -87 -88 -89 89 104 -92 92 -94 -95 -96 -97 98 -99 99 -101 101 -103 -104 -105 111 -107 119 -109 -110 -111 -112 112 -114 -115 115 -117 117 -119 -120 -121 121 122 -124 124 -126 -127
leaf_value=-0.059462974199999713 -0.057504578196972356 -0.073688262846524452 0.059501754025124823 -0.066878407100080681 0.05935864515290349 -0.012491987567382866 -0.060975928273677538 0.070890800839896601 0.037059024711922885 -0.079436920770877995 0.032509224355977716 0.005198856963911723 -0.057844830667182406 0.063322924855292909 -0.020167927088920186 0.036954637134403792 -0.016600293498481338 -0.044444078772076817 0.03185905283916355 0.015961529911830401 -0.055031218099014817 -0.05477966050316533 0.013194362591169845 -0.070288876446321785 -0.01811220196973436 -0.01773035102913411 -0.053500296770242942 -0.084672004375905163 0.057523715523778711 0.036099271966215478 -0.04075943432699785 0.059020641357355533 0.060094840270552244 0.021398897742062557 0.027647598807572074 -0.076904419546255043 0.064450763020900789 -0.064410291963369254 0.03769720460411069 0.046417473146923301 -0.010451806003141981 0.02206121882487308 0.021804608154941368 -0.047919000789053631 0.04091054785686226 -0.0058203511343881175 0.019504740609995096 -0.065437408214685369 -0.042030772545690515 0.0033659924813865929 -0.038848679800074226 -0.010013186322787622 -0.016759171308979089 -0.013742947249609061 -0.043372731262571677 0.021650497568490107 0.055833905768604454 0.040900132659668798 -0.032465660999115915 0.0065806957010253039 -0.052117958749363091 -0.032297923251744458 -0.0082766056824791281 0.04060621658444788 -0.055112074322247961 0.034286400313416003 0.024906202228333243 0.00014885259726366858 0.055565610530043677 -0.053779725983495688 -0.036475742190198092 0.046524111205937434 0.033690488854513687 0.0043873141295181798 -0.025858655193813508 -0.069754408694024758 0.013018636949239763 -0.013237965098917915 -0.01671863487374212 -0.038415379542971542 0.023348389947144658 0.035248038632921037 -0.040025890068549411 -0.011233080462632765 0.03661115851195846 -0.061081312881800826 0.027114081268376264 0.017665182494342034 0.022480612167675613 -0.02087111459071626 0.06129345483229455 0.00015274928427529377 0.059086747193762001 0.049376151079995642 -0.022003806209910999 0.0033747353737373451 0.017886567107556504 -0.033795366271756888 0.045066101930728956 0.0069170002011711383 0.016750311753079075 0.040430926319078679 -0.019017300092322265 0.025479467553627334 -0.013369310787195372 0.0065205417765497545 -0.012314574914155441 -0.037287280096346027 0.0061259536423282574 -0.022687945519855202 -0.052898166528271388 0.029370424047077889 -0.0014912337682983696 -0.015442349088954744 -0.021813961410794339 0.020483145321331737 -0.047401037982937211 -0.0061643673384790681 0.023499196092336114 0.0025085722766682423 -0.0057007367911038886 0.026025130418198057 0.001070708810649401 0.035757354164953313 0.060348787344919497 -0.002346444912709448
leaf_weight=144.28161051869392 100.6632329672575 6.6339327692985526 281.11864125728607 286.82759249210358 451.43795317411423 35.673300512135029 173.69616538286209 91.131966114044189 55.79991977289319 42.724116802215576 54.159602507948875 34.206778451800346 27.775551944971085 69.216139554977417 37.606165170669556 68.112036094069481 25.108010299503803 24.29458712041378 50.628894716501236 53.351880639791489 62.569064676761627 108.44372460246086 100.71253852546215 50.023844957351685 40.063656613230705 79.289535939693451 27.901259750127792 28.894719988107681 166.40979959443212 33.288981348276138 34.307118713855743 83.99845677614212 23.672998618334532 70.736302822828293 27.887501299381256 12.165572702884672 18.279738664627075 13.607179045677183 37.291831001639366 19.009611427783966 10.43007257580757 23.315605685114861 16.340796545147896 40.084977865219116 30.474315509200096 29.127578243613243 30.05488047003746 446.81095027923584 36.16834469139576 16.054931849241257 41.37666828930378 46.229784041643143 40.329482793807983 8.3155730962753278 153.24087604880333 7.4815452545881262 17.009970277547836 22.502793297171593 6.3265660703182212 54.667790323495865 47.840404450893402 174.60702116787434 31.287344723939896 22.73926405608654 17.476573050022125 8.5475908964872342 8.3871534988284093 13.551326148211951 9.0744948983192426 27.133532084524632 30.772535666823391 100.30958200246096 44.043907850980759 88.509502798318863 19.637316457927227 8.0259055197238904 10.1486195102334 86.413026683032513 268.67449897527695 25.383117042481899 9.5528500452637655 11.854264020919798 5.6062215268611899 16.454642415046692 5.881272345781329 52.202189058065414 13.326064027845858 6.2333575114607802 33.781432941555977 6.9432963132858267 390.67811651527882 19.809223286807541 23.708074882626534 11.551179394125937 38.79650454223156 26.8957908898592 120.86093223467469 5.0897928625345221 17.583866432309154 6.7531969100236884 99.358436971902847 10.854535169899462 18.146643169224262 9.134869731962679 32.791490755975246 163.58019562065601 20.067884191870689 10.839263737201689 13.410540975630282 33.230090670287609 21.377869062125683 5.4315374717116347 85.621057912707329 22.94193709641695 4.2336704730987531 5.698977880179882 6.2280978858470899 6.2072944417595863 63.718811050057411 147.92803604900837 109.36624902486801 5.7965792790055266 114.58307087421417 32.472150806337595 17.213535666465759 5.3769622817635527
leaf_count=1116 1346 10 21 20 46 425 59 8 769 5 79 74 321 30 95 99 92 82 64 37 41 79 74 38 90 46 72 18 1970 26 32 31 372 87 369 4 6 7 78 36 82 55 71 79 256 59 93 32 465 66 68 62 84 61 47 23 64 55 22 23 352 2026 30 43 86 73 58 86 59 200 202 1501 641 1029 207 14 46 993 2881 113 119 45 26 32 67 65 99 38 421 85 220 99 102 34 472 247 1038 54 156 34 1190 134 151 84 318 2004 243 75 89 214 189 54 839 250 52 73 85 61 815 1402 1256 69 1331 408 58 37
internal_value=-0.000852553 0.0109875 0.00320727 -0.000463651 0.00426803 -0.00267932 -0.0384686 -0.0205177 0.0107771 0.00276469 -0.020003 -0.0304062 -0.0279886 0.0278489 0.0234644 0.00546243 0.00373363 -0.00241592 -0.00877698 -0.0150893 -0.0211147 -0.0239563 -0.0176446 -0.0262334 -0.0189685 -0.0393352 -0.0332257 -0.0539909 0.0535316 0.00357202 -0.00555996 0.0405932 0.0295506 0.00703332 0.00635645 0.00123743 0.0126909 0.0107469 0.00280393 0.00862212 -0.0513773 -0.011005 -0.00650578 -0.0202899 0.0350306 0.0182713 -0.00244518 -0.0602205 -0.022436 -0.0288377 -0.0410769 -0.0269415 -0.00233917 0.0307276 -0.0528977 -0.0293353 0.0227905 0.0128932 0.0115029 0.0197085 -0.0470811 -0.0306207 0.00994935 0.0202708 -0.0276083 -0.0255269 -0.00932578 -0.0169977 0.0194141 -0.0424618 -0.0254118 0.0378082 0.0179981 0.0101909 -0.0392108 -0.0319897 -0.0275649 -0.018019 -0.0204626 -0.0176553 0.00324485 0.00450307 0.00245373 0.00523857 0.0171987 -0.0518185 0.00392957 -0.015755 0.000642744 0.00392597 0.0582888 0.0527146 0.0373263 0.0194036 -0.0321581 -0.00925589 0.0188507 0.00292981 0.0210728 0.0353684 0.0237534 0.0194701 -0.00302192 -0.00188138 0.00171083 0.00526089 0.00201932 -0.0165409 -0.0155971 -0.033278 -0.0409947 -0.00314027 0.000594494 -0.0304533 0.0163543 0.00165093 -0.0500247 -0.0291802 0.0301264 0.000645901 -0.00293392 -0.00138044 0.00251803 0.0472661 0.040688 0.0302944
internal_weight=7161.08 5447.11 4605.99 4324.87 4038.04 3586.6 1713.97 940.218 2018.66 1374.85 1567.94 849.086 1077.71 643.813 574.597 1332.13 1264.02 490.224 381.397 330.768 277.416 651.186 463.453 362.74 312.717 187.733 201.917 54.0027 841.126 154.267 120.978 228.97 144.971 110.8 1210.01 670.307 539.705 521.426 658.142 86.6707 197.9 214.847 190.552 103.73 138.338 59.6019 67.661 773.748 836.791 53.6185 167.71 74.131 63.6451 420.33 326.937 323.977 200.502 507.819 485.316 108.827 240.923 316.495 86.822 55.5347 276.284 258.808 61.2586 52.711 183.492 37.5636 44.3239 219.828 270.654 116.397 140.26 92.4198 84.3939 512.814 399.506 324.541 214.662 208.335 196.481 32.7954 174.417 93.5789 190.875 299.158 620.85 328.149 612.156 221.478 55.0685 31.3604 74.9648 113.309 166.102 20.9037 145.198 24.3371 154.257 110.213 292.701 274.554 294.368 170.523 177.549 292.924 282.085 74.2453 41.0152 123.844 91.0526 197.549 15.8139 9.93265 40.2109 12.4354 119.519 167.996 265.419 229.746 120.38 78.7356 55.0626 37.8491
internal_count=35615 33250 29594 29573 29553 29507 2365 2227 17775 12720 11732 2219 11012 5055 5025 12715 12616 720 618 554 517 755 630 556 518 125 341 110 3656 282 256 1231 1200 177 12506 7119 5387 5381 7115 224 1464 476 394 218 1190 315 188 138 8644 348 267 134 139 4743 106 3271 1658 5374 5319 102 2368 3248 176 146 2781 2695 419 346 1594 282 288 3085 3363 1398 1022 670 656 5373 4133 3196 1956 1934 1889 103 1535 133 1863 3083 7037 3721 2425 2205 235 133 937 1240 1474 246 1228 190 1965 1324 3316 3165 3300 2089 1764 3045 2970 610 396 1211 893 2276 192 125 467 146 1584 1645 3081 2656 1400 875 503 445
is_linear=0
shrinkage=0.05


Tree=21
num_leaves=127
num_cat=0
split_feature=5 7 3 5 5 5 7 2 2 4 5 0 7 3 0 2 5 0 5 2 5 3 5 2 4 2 3 2 0 0 3 2 0 5 0 3 3 2 5 1 1 0 5 2 2 7 2 2 1 0 4 5 4 0 7 5 4 5 1 0 7 4 5 2 4 7 3 1 2 7 0 3 3 3 3 0 5 0 4 3 1 5 7 5 0 3 1 5 1 7 3 0 0 7 3 2 7 7 1 3 5 2 3 4 5 1 1 5 1 5 3 4 2 2 0 3 4 0 7 0 7 0 4 1 1 0
split_gain=698.49 451.91 614.491 276.305 168.962 416.254 140.985 312.082 108.422 96.301 99.2282 46.0197 45.4453 46.6593 31.1259 62.3483 29.9993 27.0252 25.4725 26.9746 24.055 21.1198 71.866 21.042 19.0016 28.5325 16.8151 15.1877 13.8972 12.9332 16.0918 13.1618 12.216 15.4669 11.655 10.5023 12.7699 10.4576 9.4349 10.6358 9.4013 11.2879 9.46377 9.06135 8.17708 8.01943 6.53557 6.35044 6.12452 13.8239 6.67057 5.34783 5.09095 5.22196 4.59608 5.56107 4.58334 6.02811 9.32987 8.84177 4.44484 4.53735 4.32328 4.29253 12.8308 4.26985 4.08115 3.95993 4.56873 4.50065 4.5242 6.64278 5.62941 4.42622 3.92722 5.58224 3.91338 3.73069 3.71494 3.66888 3.63221 7.27527 3.81605 4.58914 3.43845 3.39219 3.33007 3.16821 3.59272 3.11636 3.28228 4.56344 3.26863 2.98342 2.81039 2.6717 5.80191 2.59498 3.49474 3.93912 2.50426 2.47155 2.37677 3.13536 2.20814 2.52084 2.18266 2.28073 2.11844 2.06058 2.45365 2.61781 2.46906 2.03714 2.00482 2.90661 2.60057 2.55538 2.2391 4.40816 3.16858 3.14686 1.99529 1.93075 1.87059 1.82359
threshold=-4634.4999999999991 8.5000000000000018 45767.500000000007 8193.5000000000018 10634.500000000002 5832.5000000000009 9.5000000000000018 47926.000000000007 54385.500000000007 193946.50000000003 -236.49999999999997 34459.500000000007 5.5000000000000009 45767.500000000007 36825.500000000007 39484.000000000007 2637.5000000000005 31183.000000000004 14573.500000000002 14869.500000000002 -5879.4999999999991 51325.000000000007 2180.5000000000005 37849.000000000007 150639.50000000003 39484.000000000007 34238.500000000007 37849.000000000007 31882.000000000004 27910.500000000004 26872.000000000004 35403.500000000007 42276.500000000007 -19806.999999999996 44870.500000000007 7879.5000000000009 31230.000000000004 29582.500000000004 -893.49999999999989 23315.500000000004 36675.000000000007 33539.000000000007 -11269.999999999998 29027.000000000004 21336.500000000004 6.5000000000000009 29027.000000000004 6129.5000000000009 26643.000000000004 29346.500000000004 51324.000000000007 -9869.9999999999982 110508.00000000001 24685.500000000004 2.5000000000000004 955.50000000000011 129577.50000000001 4445.5000000000009 26163.500000000004 30501.500000000004 1.5000000000000002 60587.500000000007 -1472.4999999999998 31902.500000000004 110508.00000000001 4.5000000000000009 13114.500000000002 16260.500000000002 19372.500000000004 5.5000000000000009 23613.500000000004 21918.500000000004 26412.000000000004 19705.000000000004 18701.500000000004 18773.000000000004 -2981.9999999999995 20352.000000000004 106361.50000000001 14951.500000000002 22590.500000000004 878.50000000000011 5.5000000000000009 837.50000000000011 17541.500000000004 5589.5000000000009 11337.500000000002 4691.0000000000009 4552.0000000000009 2.5000000000000004 19356.500000000004 16838.500000000004 10150.500000000002 5.5000000000000009 8338.5000000000018 6994.5000000000009 1.5000000000000002 3.5000000000000004 19271.500000000004 17485.500000000004 -3501.4999999999995 24030.500000000004 17788.500000000004 78102.000000000015 -7104.9999999999991 5361.5000000000009 1101.5000000000002 1892.5000000000002 13292.500000000002 388.50000000000006 804.50000000000011 4754.5000000000009 1298.5000000000002 7551.5000000000009 15513.000000000002 20635.500000000004 55660.500000000007 10573.500000000002 3.5000000000000004 18465.500000000004 5.5000000000000009 19800.000000000004 42957.000000000007 1366.5000000000002 25806.500000000004 24178.500000000004
decision_type=2 2 2 2 2 2 2 2 2 2 2 2 2 2 2 2 2 2 2 2 2 2 2 2 2 2 2 2 2 2 2 2 2 2 2 2 2 2 2 2 2 2 2 2 2 2 2 2 2 2 2 2 2 2 2 2 2 2 2 2 2 2 2 2 2 2 2 2 2 2 2 2 2 2 2 2 2 2 2 2 2 2 2 2 2 2 2 2 2 2 2 2 2 2 2 2 2 2 2 2 2 2 2 2 2 2 2 2 2 2 2 2 2 2 2 2 2 2 2 2 2 2 2 2 2 2
left_child=6 2 3 8 5 21 7 12 9 10 11 26 32 20 16 -16 17 37 19 -5 24 22 -3 35 25 29 38 28 67 30 43 51 33 -1 -13 87 56 54 39 45 41 42 44 -14 -35 47 -41 62 49 50 104 -31 53 60 55 95 57 58 114 89 61 -52 -2 64 -46 66 -62 79 84 78 73 -72 -73 -71 75 76 -49 -77 -70 -21 82 -82 83 86 -69 -78 -56 88 -18 -59 91 92 -91 -83 106 96 109 -93 102 -100 -76 -68 103 -99 -44 -106 -57 -108 -97 -12 -111 -112 -113 -107 116 118 117 122 119 -116 121 -120 -37 -40 -125 -92
right_child=1 4 -4 18 -6 -7 -8 -9 -10 -11 14 34 13 -15 15 -17 23 -19 -20 27 -22 -23 -24 -25 -26 -27 -28 -29 -30 31 -32 -33 -34 40 -36 36 -38 -39 123 46 -42 -43 48 -45 63 -47 -48 74 -50 -51 52 -53 -54 -55 80 94 -58 59 -60 -61 65 -63 -64 -65 -66 -67 101 68 69 70 71 72 -74 -75 100 77 85 -79 -80 -81 81 93 -84 -85 -86 -87 -88 -89 -90 90 125 97 -94 -95 -96 108 -98 98 99 -101 -102 -103 -104 -105 105 113 107 -109 -110 110 111 112 -114 -115 115 -117 -118 -119 120 -121 -122 -123 -124 124 -126 -127
leaf_value=-0.05778898408165805 -0.034005603890843318 -0.0010914257189451636 -0.051089705121840995 0.051853412075298956 0.059255488769797943 -0.02520605461752386 -0.064265630736619381 0.015096599154091481 0.070257155194778306 -0.051789986082123332 0.00038481409375459342 0.030090653877548831 -0.034037293775372034 -0.062552477055846878 -0.038970396089081372 0.025697373078791594 0.043087589932591361 0.059144661519228904 0.053395177908012438 0.018817603098059625 0.025504038747859632 0.049209563948218654 0.05350158253076686 -0.04300529568838779 -0.035520762947141925 0.029380335616478449 -0.073089309347985743 0.057807531590870709 -0.0060278500818900706 0.024377376075660047 -0.062763930379369809 -0.02739636792941276 -0.0032371914842603978 -0.059030811510113905 0.00081264199402340288 0.026177998137095478 0.062457930835399716 -0.040576973835308804 -0.013232435242191545 0.023849281409788287 -0.064381996413155548 -0.013226769566629583 -0.05031357416363668 0.020078907290604478 -0.039536438101814043 -0.058174969131214421 -0.011611852212609344 -0.023153553667220095 -0.058154589071144486 0.034925296617591896 -0.022246315102213116 -0.0064835699574107807 -0.05858456125110615 -0.0020028151020552712 -0.031869498904048936 0.041786392988229948 -0.0027900513339292931 0.044427353892369896 0.044494776488498915 -0.036681356286405647 0 0.031960513430578728 -0.017218160016791023 -0.055279365685804861 0.013872127538791601 -0.0020400327904981598 -0.03188706741373773 0.0088459582855266866 0.018515971299569573 0.03155808161374956 0 0.061807834748562877 0.019086510000336857 -0.014582453805093022 -0.048460488149105467 0.033758438923686344 0.019986536109872884 -0.00751867241203395 -0.024600598893792975 -0.035642486480854219 0.042436082849911572 -0.021358975092234212 -0.024821695316373821 0.0042567455420620256 0.04659696490741632 -0.011824260062182674 -0.004678812670635542 0.041494442321336693 0.020354125729483644 -0.0032072209341431276 0.021639597191180471 -0.019658359046631452 0.027598435944137873 0.012769318178369755 -0.001854759915196505 0.020830022053954723 -0.029208134746798356 0.0047906849909013505 0.052400380831561393 0.0032322876142760189 -0.020788989938514732 -0.053750507423552765 0.020600138978732144 -0.041218804005013543 -0.053838125239225834 -0.0043598089476236208 0.0099115537832294917 0.022024645161418197 -0.011648872364378227 0.020562782287708619 -0.025866286586377414 0.026718720961143173 0.0032153650533177677 -0.032997080338463353 0.0028330927849391577 0.014030952013430541 0.026384312034970853 -0.004097692609503289 -0.0074287880153001418 -0.055433208519359456 -0.019722436001612921 0.033015911213692122 -0.0049341978873334406 -0.0022630556595696983 -0.031350678098695343 0.043176791671621036
leaf_weight=140.45866612717509 106.20858020335436 103.03477750718594 518.0008407831192 103.46325704827905 413.7790894433856 326.78883436322212 223.9550564289093 420.53426110744476 54.298975944519043 87.395524978637695 241.45066046714783 65.7374227643013 16.193334564566616 55.377787828445435 90.210037499666214 62.051026344299316 24.242395609617233 21.712579637765884 220.3040296472609 6.1657025665044767 34.872281216084957 465.36749362945557 143.55134873092175 12.003176212310789 99.68892902135849 38.453850224614143 11.920979797840117 23.497937560081482 52.662585556507111 27.759124934673309 28.632394954562187 42.396349906921387 20.875800311565399 97.07226512953639 70.129121899604797 16.193629793822769 13.988377541303633 12.029841318726538 75.074247732758522 20.678843535482883 36.303706556558609 46.301112368702888 59.950545310974121 13.059187293052672 84.532760061323643 13.539328917860983 31.335548251867294 94.646182164549828 25.700157061219215 6.6930782943963996 8.9205498620867711 26.399797365069389 11.895591825246809 22.624497875571251 16.747415974736214 6.8331487327814093 32.109903857111931 17.873080864548683 15.547963380813597 5.21832051873207 8.6237164512276632 5.3110466301441184 68.093115352094173 31.804296977818012 12.288473457098005 12.450804375112055 104.37616262584925 8.3158920854330045 9.0676166042685526 7.7970118746161488 11.233848713338373 19.283089086413383 15.142251476645468 11.634681954979895 12.140087805688379 9.1213254109025019 7.888492338359355 10.971718929708002 8.8742452114820463 4.4147050715982914 11.90928342938423 11.553923092782499 20.599870890378952 94.300018534064293 34.76146199926734 145.71519285440445 33.50772101432085 61.62702888995409 78.951275207102299 9.1863417960703355 24.917032554745674 8.265742674469946 73.81542169302702 11.985537923872469 26.959386587142944 31.422869026660919 13.343027472496031 7.6120750680565852 6.8797759190201786 9.213220611214636 34.831582523882389 18.273701548576355 5.4417713508009902 5.6225804835557938 15.934089206159113 7.8694804385304442 126.25389382243156 59.746085792779922 5.0640369132161132 29.885931298136711 5.6908259019255629 12.057751126587389 86.433778919279575 52.346071325242519 5.9161135554313642 18.108650207519531 17.518117599189281 33.771624095737934 9.3571873232722336 5.5862742736935616 13.12274197489023 8.0174943879246694 6.6059221774339667 149.31613690406084 4.7955673933029166 24.425660580396652
leaf_count=863 1245 69 69 1621 457 100 50 88 4 26 2845 77 88 36 98 45 364 45 1771 86 84 34 59 12 83 50 22 24 87 59 80 60 20 1214 40 209 27 30 895 86 39 69 762 38 605 59 73 1043 63 18 112 59 35 97 180 90 65 224 58 15 96 52 787 80 34 92 1002 105 71 67 70 83 45 77 79 71 68 69 38 45 47 56 144 943 345 1567 285 920 987 139 168 77 933 47 274 347 134 90 55 65 210 113 43 43 192 101 1520 770 47 379 71 151 1008 634 60 96 200 341 84 42 98 52 77 1573 13 117
internal_value=-0.000821664 0.0086055 -0.000606116 0.0075438 0.0322566 0.0214502 -0.0271179 -0.0219871 0.000971697 -0.00048723 0.00129919 -0.011663 -0.0348449 -0.0204837 0.00884292 -0.012588 0.0111029 0.00529068 0.0402543 0.0309468 -0.0131852 0.0428779 0.0307577 0.0200195 -0.0178846 -0.0086082 -0.0162544 0.0205661 0.0156389 -0.0182272 -0.0367287 -0.00682156 -0.0414255 -0.0423987 0.0151313 0.0214557 0.0169219 0.00385439 -0.0152922 -0.0188186 -0.0390799 -0.0375215 -0.0394046 -0.00984782 -0.0476626 -0.0210409 0.0025757 -0.0198873 -0.0341101 -0.0320846 -0.0335666 0.00939872 -0.0272152 -0.02481 0.00453946 0.00659423 0.0150746 0.0167395 0.00902063 0.0224638 -0.0280121 -0.000918577 -0.0276115 -0.0386554 -0.0326342 -0.0306355 -0.0332739 0.0240059 0.0264616 0.0190968 0.025136 0.033603 0.0442269 0.00432525 -0.0155279 -0.0130689 -0.0151322 0.0116943 -0.00271888 -0.00458984 -0.0020438 0.0122226 -0.00519114 -0.00220802 0.0397888 -0.0100395 -0.0142826 0.0321048 0.026105 0.0242673 0.0219442 0.0173325 0.0241319 -0.00396596 0.0130424 0.00322775 0.00197869 0.00385488 0.00997778 0.0263801 -0.0289062 -0.0355933 -0.00452398 -0.0159271 -0.0422485 -0.0352644 0.0151497 0.0139262 0.0159984 0.00317474 0.0081222 0.00434437 0.00638263 -0.0294686 0.00457495 -0.00212977 0.010037 0.00451758 -0.00937817 -0.0272351 -0.00183366 0.0117433 0.0171249 -0.0066838 -0.00339671 0.0330462
internal_weight=7041.8 5183.87 3731.34 3213.34 1452.52 1038.74 1857.93 1633.97 2676.73 2622.43 2535.03 932.143 1213.44 382.833 1602.89 152.261 1450.63 879.488 536.618 316.314 327.455 711.954 246.586 571.139 292.583 192.894 796.277 212.851 189.353 154.44 57.8849 96.5553 830.607 809.731 135.867 559.136 394.315 857.775 784.356 555.17 669.272 632.968 586.667 29.2525 225.698 503.156 52.0144 489.616 360.969 335.269 328.576 54.1589 192.476 180.58 845.745 645.141 380.327 348.217 149.746 198.471 157.956 14.2316 174.302 128.626 96.8212 143.724 131.274 136.691 126.11 83.0327 65.0909 45.6592 34.4253 19.4317 315.315 268.343 248.25 20.093 17.9419 10.5804 200.604 35.4487 165.155 144.555 43.0774 153.604 50.2551 164.821 103.194 193.253 175.38 126.037 83.0018 23.5395 219.793 425.349 388.862 43.0352 34.7694 16.093 46.9717 122.65 18.6764 13.2347 136.1 76.1496 192.833 186 36.4869 375.519 134.068 104.182 98.4915 60.2156 134.198 60.1085 74.0893 56.5712 41.9998 11.5024 30.4974 17.3747 22.7996 229.186 154.112 49.3427
internal_count=35615 28547 27828 27759 719 262 7068 7018 23224 23220 23194 7977 6930 637 15217 143 15074 9413 4535 2764 601 162 128 5661 517 434 7860 1143 1119 384 206 178 6293 6273 117 5649 3378 9368 7838 5357 5410 5371 5302 126 1933 5198 159 5139 3369 3306 3288 118 1599 1564 9338 7636 3351 3286 1317 1969 1467 164 2032 719 639 1303 1211 1032 901 451 342 198 128 144 3107 2818 2678 140 109 131 1702 150 1552 1408 450 1635 465 2271 1351 1954 1730 1445 1072 103 2654 4982 4588 373 296 120 289 1115 176 133 1689 927 2380 2290 394 4454 1609 1230 1159 735 1259 432 827 627 336 102 234 136 286 2481 1586 285
is_linear=0
shrinkage=0.05


end of trees

feature_importances:
nw_diff=440
nw_d_p3=419
nw_r_p3=375
nw_r_p2=354
nw_d_p2=354
nw_r=298
towers_dead_D=218
towers_dead_R=201
rax_diff=113

parameters:
[boosting: gbdt]
[objective: binary]
[metric: binary_logloss,auc]
[tree_learner: serial]
[device_type: cpu]
[data_sample_strategy: bagging]
[data: ]
[valid: ]
[num_iterations: 1000]
[learning_rate: 0.05]
[num_leaves: 127]
[num_threads: -1]
[seed: 42]
[deterministic: 0]
[force_col_wise: 0]
[force_row_wise: 0]
[histogram_pool_size: -1]
[max_depth: -1]
[min_data_in_leaf: 50]
[min_sum_hessian_in_leaf: 0.001]
[bagging_fraction: 0.8]
[pos_bagging_fraction: 1]
[neg_bagging_fraction: 1]
[bagging_freq: 5]
[bagging_seed: 400]
[bagging_by_query: 0]
[feature_fraction: 0.8]
[feature_fraction_bynode: 1]
[feature_fraction_seed: 30056]
[extra_trees: 0]
[extra_seed: 12879]
[early_stopping_round: 0]
[early_stopping_min_delta: 0]
[first_metric_only: 0]
[max_delta_step: 0]
[lambda_l1: 0.1]
[lambda_l2: 1]
[linear_lambda: 0]
[min_gain_to_split: 0]
[drop_rate: 0.1]
[max_drop: 50]
[skip_drop: 0.5]
[xgboost_dart_mode: 0]
[uniform_drop: 0]
[drop_seed: 17869]
[top_rate: 0.2]
[other_rate: 0.1]
[min_data_per_group: 100]
[max_cat_threshold: 32]
[cat_l2: 10]
[cat_smooth: 10]
[max_cat_to_onehot: 4]
[top_k: 20]
[monotone_constraints: ]
[monotone_constraints_method: basic]
[monotone_penalty: 0]
[feature_contri: ]
[forcedsplits_filename: ]
[refit_decay_rate: 0.9]
[cegb_tradeoff: 1]
[cegb_penalty_split: 0]
[cegb_penalty_feature_lazy: ]
[cegb_penalty_feature_coupled: ]
[path_smooth: 0]
[interaction_constraints: ]
[verbosity: -1]
[saved_feature_importance_type: 0]
[use_quantized_grad: 0]
[num_grad_quant_bins: 4]
[quant_train_renew_leaf: 0]
[stochastic_rounding: 1]
[linear_tree: 0]
[max_bin: 255]
[max_bin_by_feature: ]
[min_data_in_bin: 3]
[bin_construct_sample_cnt: 200000]
[data_random_seed: 175]
[is_enable_sparse: 1]
[enable_bundle: 1]
[use_missing: 1]
[zero_as_missing: 0]
[feature_pre_filter: 1]
[pre_partition: 0]
[two_round: 0]
[header: 0]
[label_column: ]
[weight_column: ]
[group_column: ]
[ignore_column: ]
[categorical_feature: ]
[forcedbins_filename: ]
[precise_float_parser: 0]
[parser_config_file: ]
[objective_seed: 16083]
[num_class: 1]
[is_unbalance: 0]
[scale_pos_weight: 1]
[sigmoid: 1]
[boost_from_average: 1]
[reg_sqrt: 0]
[alpha: 0.9]
[fair_c: 1]
[poisson_max_delta_step: 0.7]
[tweedie_variance_power: 1.5]
[lambdarank_truncation_level: 30]
[lambdarank_norm: 1]
[label_gain: ]
[lambdarank_position_bias_regularization: 0]
[eval_at: ]
[multi_error_top_k: 1]
[auc_mu_weights: ]
[num_machines: 1]
[local_listen_port: 12400]
[time_out: 120]
[machine_list_filename: ]
[machines: ]
[gpu_platform_id: -1]
[gpu_device_id: -1]
[gpu_use_dp: 0]
[num_gpu: 1]

end of parameters

pandas_categorical:null
